skills_match_count,skills_match_ratio,tech_skills_count,projects_count,certifications_count,experience_years,education_level,prog_languages_count,missing_skills_count,has_internship,resume_word_count,suitability_score_raw,suitable
8,0.6667,9,0,2,2.0,1,1,4,0,368,50.0,0
7,0.5385,10,1,0,1.3,1,2,6,1,360,50.75,0
3,0.2308,6,3,0,0.3,1,1,10,0,510,33.6,0
13,0.9286,20,0,0,1.1,1,4,1,1,457,56.19,0
9,0.6429,11,3,1,2.9,1,1,5,1,254,78.79,1
8,0.6154,12,3,1,3.2,1,3,5,1,429,77.42,1
12,0.9231,15,1,0,5.8,1,3,1,0,361,79.23,1
5,0.3571,7,2,2,4.3,0,3,9,1,376,58.02,1
9,0.6429,14,2,0,0.1,1,3,5,1,472,59.19,1
6,0.5,9,3,0,2.2,1,3,6,1,365,69.45,1
8,0.6154,10,3,0,6.1,1,2,5,1,509,70.54,1
5,0.3571,9,2,1,5.0,2,3,9,0,444,65.2,1
11,0.7857,14,3,1,4.2,1,3,3,1,269,84.3,1
9,0.6923,12,3,0,0.1,1,2,4,0,406,64.23,1
4,0.2857,6,4,1,1.9,1,3,10,0,426,46.94,0
6,0.4615,12,2,2,2.3,1,3,7,0,293,53.44,0
10,0.7143,13,0,2,1.0,1,3,4,0,480,47.15,0
8,0.6154,13,0,0,7.2,2,3,5,1,383,58.73,1
11,0.8462,16,1,0,3.1,0,1,2,1,393,76.42,1
10,0.7143,14,2,1,1.5,2,3,4,1,441,70.03,1
9,0.6429,14,4,3,0.5,0,1,5,1,450,65.92,1
8,0.5714,10,3,1,4.6,1,4,6,1,480,75.51,1
5,0.3571,10,4,1,3.9,1,4,9,1,390,66.85,1
8,0.6154,13,2,0,1.8,1,4,5,1,487,69.81,1
6,0.4286,7,5,0,1.0,1,5,8,0,346,60.06,1
10,0.7692,11,1,1,3.0,1,5,3,1,419,73.59,1
5,0.4167,8,2,1,1.3,1,3,7,0,528,56.48,0
6,0.4286,11,2,2,2.5,1,4,8,0,270,53.71,0
10,0.7692,15,3,1,1.2,1,1,3,0,388,71.14,1
8,0.5714,13,1,1,1.6,1,3,6,0,244,59.64,1
12,0.9231,16,0,0,2.0,1,2,1,0,390,60.67,1
1,0.0769,5,2,4,1.5,1,3,12,1,268,42.15,0
3,0.2308,5,0,0,0.7,1,1,10,1,388,19.09,0
3,0.2143,8,1,2,3.0,1,2,11,1,423,53.98,0
3,0.2308,8,2,1,0.6,1,2,10,1,392,38.67,0
2,0.1667,4,2,1,1.2,1,2,10,1,516,42.7,0
10,0.7692,11,1,0,0.5,1,2,3,0,434,52.54,0
4,0.3077,7,4,1,1.9,1,3,9,1,410,55.19,0
3,0.2143,5,2,1,0.1,1,1,11,1,386,34.49,0
7,0.5833,12,3,3,0.4,0,3,5,1,578,66.62,1
9,0.6429,15,2,0,1.4,1,3,5,1,372,65.92,1
4,0.3077,7,1,2,2.1,1,4,9,0,430,41.74,0
2,0.1538,5,1,0,3.5,1,2,11,0,464,36.77,0
13,0.9286,17,4,0,1.9,1,3,1,1,450,91.48,1
10,0.7692,16,5,2,0.3,2,4,3,1,471,72.86,1
8,0.5714,12,2,1,1.3,1,2,6,1,355,61.59,1
4,0.2857,5,3,0,7.1,1,2,10,1,496,58.0,1
7,0.5385,10,2,1,0.1,1,2,6,1,417,47.44,0
4,0.3077,8,0,0,2.8,1,1,9,1,379,39.23,0
3,0.25,5,1,1,4.3,2,2,9,0,405,42.35,0
4,0.2857,8,2,0,2.2,1,3,10,1,282,50.69,0
5,0.3846,6,1,1,2.2,1,1,8,0,416,39.9,0
12,0.8571,15,1,3,4.6,1,3,2,0,480,70.78,1
4,0.3077,6,2,1,0.8,1,2,9,0,441,40.07,0
9,0.6923,12,0,1,1.5,1,2,4,1,433,55.83,0
7,0.5,9,4,0,0.5,1,4,7,0,247,58.16,1
11,0.7857,14,3,3,0.4,1,4,3,1,489,74.06,1
7,0.5,9,2,0,0.3,1,3,7,1,411,51.8,0
5,0.3571,9,4,0,4.6,1,5,9,0,441,63.75,1
8,0.6154,12,1,0,0.7,1,2,5,1,454,45.87,0
2,0.1538,6,4,1,2.1,1,2,11,1,396,47.84,0
7,0.5385,13,1,2,0.6,1,3,6,1,401,51.9,0
9,0.6923,14,2,0,0.7,1,2,4,1,377,66.16,1
4,0.3077,9,4,2,2.4,2,4,9,0,550,62.72,1
6,0.4615,8,3,0,0.9,1,2,7,0,491,52.52,0
8,0.6154,13,3,1,7.3,1,3,5,0,256,78.28,1
8,0.6154,10,4,4,7.6,1,1,5,0,439,76.89,1
2,0.1538,6,3,0,0.2,1,3,11,1,626,44.96,0
9,0.75,13,0,1,1.0,2,2,3,0,602,52.84,0
5,0.3846,7,4,1,3.5,1,1,8,1,469,61.49,1
12,0.8571,16,0,0,1.4,1,2,2,0,418,56.34,0
11,0.7857,16,0,0,1.6,1,2,3,1,414,57.53,0
2,0.1667,4,2,1,0.1,2,1,10,1,490,38.44,0
10,0.7143,14,2,1,2.9,1,1,4,1,539,69.46,1
5,0.4167,10,3,0,0.1,1,2,7,0,655,52.13,0
11,0.9167,18,1,1,5.4,1,3,1,0,351,80.55,1
7,0.5385,11,4,0,1.6,1,3,6,1,461,66.57,1
11,0.8462,14,0,0,1.6,1,4,2,1,491,55.83,0
4,0.3077,11,1,0,0.1,1,5,9,1,405,35.73,0
5,0.3846,8,4,1,4.5,1,3,8,1,324,68.87,1
3,0.2143,5,3,0,2.6,2,5,11,0,684,52.66,0
5,0.3571,9,3,0,2.4,2,1,9,0,530,53.65,0
5,0.3846,11,3,0,1.7,0,2,8,1,595,54.31,0
11,0.8462,12,2,1,2.1,1,2,2,0,150,78.65,1
9,0.6429,14,1,0,2.3,2,2,5,0,337,56.37,0
3,0.2308,8,2,0,0.4,1,2,10,1,353,40.79,0
7,0.5385,13,2,0,4.0,2,2,6,1,570,66.24,1
5,0.3846,8,3,2,0.5,1,1,8,0,328,53.63,0
8,0.6154,12,3,1,10.4,1,1,5,0,234,70.87,1
9,0.6923,10,2,0,3.5,1,3,4,0,308,69.13,1
13,0.9286,16,2,3,0.4,1,2,1,1,407,74.01,1
3,0.2143,6,5,3,1.7,2,3,11,0,441,50.14,0
8,0.5714,9,1,0,0.2,2,3,6,1,298,43.15,0
3,0.2308,7,3,0,4.6,2,4,10,0,364,59.63,0
5,0.3571,11,2,2,0.4,1,2,9,1,352,50.12,0
6,0.4286,9,2,0,2.1,1,2,8,1,396,59.91,1
9,0.6429,10,2,0,2.6,0,3,5,0,468,64.36,1
12,0.9231,15,2,0,3.9,1,3,1,1,356,75.03,1
5,0.3846,5,1,4,3.6,2,2,8,1,204,62.03,1
4,0.3077,8,4,3,3.4,1,3,9,1,494,64.16,1
10,0.8333,12,2,0,2.9,1,3,2,1,446,76.28,1
3,0.2308,6,1,1,3.2,1,1,10,1,486,46.97,0
5,0.3571,8,4,2,0.8,2,3,9,1,502,62.66,1
4,0.3333,7,2,3,0.6,1,2,8,0,272,45.89,0
7,0.5385,13,1,1,9.2,2,1,6,1,463,60.3,1
4,0.3077,9,3,2,2.2,1,2,9,1,397,57.67,0
4,0.2857,8,0,2,0.1,1,2,10,0,260,22.29,0
8,0.6154,13,2,1,0.0,1,2,5,0,439,51.05,0
10,0.8333,15,3,1,0.2,0,2,2,0,524,72.11,1
1,0.0833,3,2,1,12.0,2,3,11,1,554,49.17,0
9,0.6923,12,2,0,0.1,2,2,4,1,455,61.85,1
10,0.7692,14,1,1,1.5,1,3,3,0,459,56.53,0
10,0.7143,11,1,0,0.6,2,2,4,1,386,63.32,1
6,0.4286,9,4,0,2.4,2,3,8,0,407,58.43,1
11,0.7857,16,2,0,0.4,1,2,3,0,531,71.09,1
5,0.4167,7,1,3,4.2,1,2,7,1,488,62.57,1
10,0.7143,12,1,0,0.9,1,3,4,1,380,60.8,1
7,0.5833,9,2,1,0.2,1,4,5,1,432,54.32,0
11,0.7857,15,3,2,0.8,2,4,3,1,359,79.47,1
6,0.4286,10,4,0,9.1,1,3,8,1,399,71.95,1
9,0.6923,16,2,1,3.9,1,2,4,0,381,70.47,1
3,0.2308,9,3,0,2.6,0,2,10,0,384,49.51,0
3,0.2308,5,2,1,6.1,2,3,10,0,531,50.28,0
8,0.5714,14,2,0,3.0,2,2,6,0,628,65.33,1
4,0.3077,8,1,0,1.4,1,3,9,1,362,45.01,0
3,0.25,4,1,2,0.1,1,6,9,0,608,32.36,0
9,0.6923,16,2,2,2.0,2,2,4,1,446,79.29,1
11,0.7857,17,2,0,0.6,1,2,3,1,243,66.39,1
6,0.4286,9,0,0,0.5,0,1,8,1,192,33.22,0
9,0.6923,11,2,1,4.6,1,3,4,0,400,72.67,1
10,0.8333,16,2,0,0.7,0,3,2,0,245,61.91,1
6,0.5,8,2,3,2.4,1,2,6,1,386,62.9,1
10,0.7692,12,0,0,0.8,1,3,3,1,459,54.85,0
3,0.2308,7,3,0,3.5,2,4,10,0,561,50.13,0
3,0.2308,6,1,2,0.9,1,1,10,0,237,25.76,0
12,0.9231,16,3,0,1.5,0,3,1,0,331,74.64,1
9,0.75,13,4,0,4.8,1,4,3,0,380,77.39,1
7,0.5,12,1,0,0.9,1,5,7,1,435,53.67,0
1,0.0769,7,2,0,1.4,1,2,12,0,318,31.69,0
8,0.6667,12,5,1,4.4,1,2,4,1,450,82.44,1
12,0.8571,19,1,2,1.3,2,4,2,1,765,72.27,1
7,0.5385,11,1,0,3.6,1,2,6,0,441,57.18,0
7,0.5385,13,2,0,1.2,1,1,6,1,498,57.34,0
11,0.8462,14,0,0,0.8,1,2,2,0,443,51.28,0
9,0.6923,14,4,1,1.3,1,3,4,1,199,71.29,1
7,0.5385,10,2,0,0.3,1,1,6,0,475,44.34,0
8,0.5714,8,1,1,0.8,1,2,6,1,437,49.08,0
9,0.6923,12,2,0,2.2,1,1,4,1,523,69.81,1
11,0.8462,13,2,3,1.5,1,2,2,1,536,71.56,1
4,0.3077,9,3,1,0.8,1,3,9,0,579,53.47,0
5,0.3846,7,1,1,0.7,2,1,8,1,490,41.64,0
3,0.2143,3,2,3,1.6,1,2,11,0,154,39.32,0
8,0.6154,9,1,2,1.6,1,2,5,1,485,61.53,1
3,0.25,6,1,0,1.5,1,2,9,1,446,38.45,0
10,0.7692,14,3,1,1.1,1,2,3,1,352,76.25,1
7,0.5385,8,2,0,0.3,2,3,6,1,488,62.81,1
5,0.3571,7,1,0,0.5,0,4,9,0,352,35.23,0
11,0.9167,13,5,0,3.5,2,5,1,0,470,88.59,1
8,0.5714,11,2,2,1.5,0,1,6,1,283,55.86,0
7,0.5385,8,2,1,0.3,1,2,6,0,498,46.56,0
9,0.6923,13,2,1,0.6,1,4,4,1,436,60.63,1
8,0.6154,13,2,2,6.4,2,2,5,0,495,74.72,1
3,0.2308,4,0,3,1.6,1,4,10,0,555,26.1,0
6,0.4615,9,1,2,0.0,1,3,7,1,300,43.55,0
10,0.8333,13,3,0,1.0,2,4,2,0,354,79.58,1
7,0.5833,12,1,1,0.8,1,3,5,1,639,66.03,1
9,0.6923,16,1,0,0.9,2,4,4,0,470,60.84,1
5,0.3846,8,3,0,2.7,2,2,8,1,517,65.09,1
8,0.6154,13,1,2,0.4,1,2,5,0,536,52.91,0
11,0.8462,12,3,0,1.8,1,2,2,1,252,83.51,1
3,0.2308,6,0,0,6.4,1,3,10,0,380,33.15,0
5,0.3846,7,2,0,7.8,1,2,8,0,349,62.64,1
9,0.6923,12,4,1,0.2,1,5,4,1,441,68.35,1
8,0.5714,13,1,1,4.4,2,1,6,1,396,64.93,1
8,0.6154,8,2,0,1.3,2,2,5,0,482,52.09,0
7,0.5385,12,2,1,2.2,1,3,6,1,452,64.15,1
7,0.5,8,3,1,2.5,1,5,7,0,474,67.65,1
6,0.4286,9,2,3,1.9,1,2,8,1,453,60.5,1
3,0.2308,8,3,0,1.3,0,2,10,1,418,45.16,0
3,0.2308,4,0,0,2.4,2,4,10,0,383,28.59,0
7,0.5,11,4,3,0.9,1,3,7,0,537,53.85,0
3,0.2308,8,3,0,2.6,1,1,10,1,432,58.86,0
6,0.4286,9,0,0,0.6,1,5,8,1,189,44.51,0
12,1.0,16,2,0,2.0,1,2,0,1,310,84.21,1
10,0.7143,11,3,0,1.4,1,3,4,0,450,74.3,1
7,0.5,10,3,2,1.4,1,2,7,0,415,61.24,1
12,1.0,14,3,0,12.0,1,2,0,1,282,88.25,1
8,0.6154,10,1,1,1.5,0,4,5,0,339,52.2,0
5,0.3571,9,3,0,0.5,2,3,9,0,479,55.74,0
8,0.5714,11,1,0,0.6,1,2,6,0,269,44.53,0
9,0.6923,13,4,1,0.9,1,2,4,0,470,62.33,1
11,0.8462,13,3,0,1.2,0,2,2,1,383,77.78,1
5,0.3846,13,0,0,12.0,1,3,8,0,308,47.3,0
8,0.5714,11,3,1,3.2,0,4,6,1,641,78.5,1
5,0.3846,9,2,3,5.8,1,3,8,1,543,65.31,1
5,0.4167,9,2,1,2.6,1,2,7,1,555,63.89,1
10,0.7692,12,3,1,2.6,2,4,3,0,312,90.38,1
5,0.3571,9,0,0,0.2,1,4,9,0,295,31.3,0
10,0.7692,11,4,1,8.0,1,4,3,1,363,85.62,1
8,0.6154,10,1,0,0.4,2,3,5,0,232,46.83,0
3,0.2308,5,3,0,0.5,1,1,10,1,416,40.42,0
13,0.9286,16,1,1,0.2,1,2,1,0,407,60.16,1
10,0.8333,18,2,1,1.5,1,4,2,1,389,78.82,1
12,0.8571,15,2,1,2.3,1,3,2,1,321,80.42,1
3,0.2308,8,1,0,3.5,1,1,10,1,464,44.3,0
11,0.7857,14,4,2,2.2,1,2,3,1,341,82.8,1
8,0.6667,11,2,2,0.4,1,2,4,1,548,62.5,1
9,0.6429,12,0,1,1.3,2,2,5,1,249,52.23,0
10,0.7692,14,3,0,2.5,1,5,3,1,430,85.24,1
4,0.3077,10,3,3,4.8,1,2,9,1,529,69.56,1
7,0.5833,11,2,3,0.1,1,2,5,1,429,48.72,0
11,0.8462,16,0,0,2.4,1,2,2,0,544,54.31,0
7,0.5,11,1,1,0.8,1,2,7,1,433,46.02,0
5,0.3571,12,3,2,0.2,1,2,9,1,436,54.94,0
4,0.2857,11,2,0,0.1,1,2,10,1,264,44.98,0
1,0.0769,5,1,0,1.4,1,4,12,1,552,29.72,0
4,0.3077,9,2,0,0.4,1,5,9,1,382,47.69,0
4,0.3333,6,2,0,3.9,1,3,8,1,368,54.42,0
10,0.7692,11,1,0,3.9,0,2,3,1,436,70.14,1
6,0.4615,13,3,2,0.3,2,3,7,0,391,53.58,0
3,0.2308,6,0,0,0.0,2,5,10,1,367,27.17,0
7,0.5385,8,2,1,2.6,1,5,6,1,367,62.18,1
12,0.9231,16,2,0,0.0,1,3,1,1,558,70.2,1
6,0.4615,7,2,0,1.9,0,3,7,1,501,54.0,0
6,0.4286,11,2,2,3.6,1,2,8,0,468,52.95,0
13,1.0,16,3,2,0.4,1,2,0,1,378,92.78,1
5,0.3846,8,4,0,0.6,1,2,8,0,374,49.92,0
11,0.8462,14,5,0,9.8,2,3,2,0,383,93.23,1
3,0.2143,7,4,1,3.8,1,3,11,1,352,56.37,0
4,0.3077,8,3,1,2.0,1,3,9,1,376,62.04,1
8,0.6154,10,1,1,4.2,0,3,5,1,503,65.74,1
8,0.6154,9,2,0,1.7,1,2,5,0,417,56.35,0
10,0.8333,14,3,0,1.6,1,4,2,0,420,78.9,1
12,0.8571,14,3,0,2.4,1,2,2,1,341,84.25,1
5,0.3571,6,3,0,0.6,0,3,9,0,347,45.54,0
8,0.5714,11,2,0,0.4,2,2,6,1,327,62.24,1
10,0.7692,12,2,0,1.9,1,3,3,0,240,66.18,1
11,0.8462,15,1,3,0.3,1,3,2,1,469,67.37,1
3,0.25,4,3,0,0.8,1,4,9,0,280,49.34,0
9,0.6923,13,2,0,3.2,1,2,4,0,658,71.72,1
4,0.2857,7,0,0,1.6,1,3,10,0,404,21.23,0
11,0.7857,13,3,3,2.3,2,2,3,1,270,90.56,1
10,0.8333,12,0,1,2.0,2,3,2,1,380,65.95,1
8,0.5714,10,2,1,0.2,2,3,6,1,435,67.9,1
8,0.6154,11,3,0,1.1,1,3,5,0,518,62.13,1
10,0.8333,13,2,3,1.1,1,2,2,1,512,75.98,1
5,0.3846,13,2,1,0.4,0,3,8,0,358,39.52,0
8,0.5714,10,0,0,1.6,1,2,6,0,331,40.82,0
4,0.3077,7,1,0,0.5,1,3,9,1,339,35.9,0
11,0.8462,16,0,0,2.4,1,2,2,1,433,62.32,1
7,0.5,9,1,0,3.5,1,3,7,1,475,54.43,0
4,0.2857,7,3,0,2.9,1,3,10,0,425,54.33,0
10,0.7692,14,3,0,0.3,1,5,3,0,466,65.35,1
13,0.9286,16,2,1,0.5,1,1,1,1,362,75.79,1
8,0.6154,11,1,0,2.0,1,2,5,1,615,50.27,0
7,0.5385,9,2,1,1.2,1,4,6,1,380,64.35,1
8,0.6154,11,1,0,0.8,1,3,5,1,564,51.36,0
7,0.5833,10,2,1,3.5,2,1,5,1,277,68.96,1
7,0.5,11,1,2,0.7,1,1,7,0,546,51.46,0
5,0.3571,10,3,2,2.6,2,2,9,1,506,70.94,1
9,0.6429,13,1,0,3.4,2,2,5,0,259,55.43,0
7,0.5385,14,3,3,2.5,1,3,6,0,416,65.95,1
7,0.5,15,3,1,2.5,1,4,7,1,454,71.66,1
7,0.5385,12,2,2,3.9,1,1,6,0,535,68.95,1
8,0.6154,10,4,1,2.2,1,2,5,0,486,70.25,1
4,0.3333,7,4,1,1.6,1,6,8,1,424,61.91,1
11,0.7857,15,1,2,1.6,1,3,3,0,223,66.2,1
10,0.7692,14,0,1,5.8,1,1,3,1,375,59.89,1
4,0.2857,6,1,0,1.1,1,2,10,1,456,36.99,0
10,0.8333,17,3,0,0.0,1,2,2,0,585,72.5,1
9,0.6923,10,2,0,1.2,1,4,4,0,333,53.47,0
10,0.7692,12,2,0,0.2,2,2,3,0,303,57.74,0
5,0.4167,6,2,2,6.0,2,4,7,0,374,64.2,1
9,0.6923,11,2,1,3.5,1,3,4,1,243,72.51,1
8,0.6154,11,1,0,6.5,1,3,5,1,409,63.46,1
5,0.3571,11,2,0,2.2,1,1,9,1,257,50.2,0
11,0.7857,16,2,2,0.4,1,4,3,1,341,67.29,1
11,0.9167,12,1,0,5.3,0,2,1,1,485,75.02,1
6,0.4615,9,4,0,1.0,1,2,7,0,601,55.55,0
13,0.9286,18,2,3,1.9,1,4,1,1,398,86.6,1
4,0.3077,6,2,1,1.3,1,2,9,0,498,43.59,0
6,0.5,11,2,2,1.6,1,2,6,1,317,60.17,1
4,0.3077,8,3,4,1.9,1,3,9,1,289,63.99,1
7,0.5385,9,3,2,0.4,1,2,6,0,157,66.1,1
7,0.5385,13,0,1,0.3,1,3,6,1,213,41.07,0
7,0.5,13,2,1,0.9,1,2,7,0,429,59.11,1
4,0.3077,9,2,0,5.6,0,3,9,0,232,51.13,0
2,0.1667,4,1,2,0.6,1,3,10,0,461,29.14,0
6,0.4286,8,2,1,1.9,1,2,8,1,356,52.64,0
5,0.4167,9,1,0,5.7,0,2,7,0,531,53.81,0
9,0.6923,11,4,0,2.0,1,3,4,0,374,65.81,1
9,0.6429,13,1,3,3.1,1,2,5,1,576,66.46,1
11,0.8462,14,1,0,3.2,1,3,2,1,432,72.92,1
4,0.3077,10,4,0,0.9,1,3,9,0,428,50.75,0
6,0.4286,13,3,0,6.5,1,2,8,0,351,74.26,1
5,0.3571,7,2,0,0.1,1,4,9,1,502,52.19,0
10,0.7692,10,3,1,0.1,1,5,3,1,602,77.19,1
4,0.3333,9,3,1,0.2,1,2,8,0,460,48.96,0
12,0.8571,15,1,2,1.4,1,2,2,1,432,70.49,1
10,0.8333,13,1,1,0.7,1,1,2,1,413,61.21,1
11,0.8462,12,3,2,1.2,1,2,2,1,632,85.3,1
3,0.2308,6,1,0,1.1,2,1,10,1,481,36.55,0
1,0.0833,6,3,3,0.2,1,5,11,1,391,53.22,0
2,0.1667,7,2,1,1.6,2,3,10,1,670,44.06,0
10,0.7692,15,1,1,0.7,0,3,3,1,209,62.62,1
4,0.3333,6,2,0,4.4,1,5,8,0,441,53.65,0
4,0.3077,8,0,0,1.0,1,2,9,1,474,29.63,0
9,0.6429,14,3,0,2.0,1,2,5,0,186,62.41,1
7,0.5833,9,1,0,1.2,1,2,5,1,296,52.31,0
9,0.6429,13,3,0,2.6,1,1,5,0,500,67.59,1
4,0.3077,10,3,1,5.4,1,3,9,1,503,64.72,1
1,0.0769,3,1,1,0.8,1,3,12,1,441,27.6,0
4,0.3077,9,2,1,1.7,0,3,9,1,454,43.58,0
5,0.3571,6,1,2,1.7,1,1,9,0,335,39.43,0
8,0.6154,13,1,1,0.9,2,2,5,1,352,61.73,1
6,0.4615,10,2,2,2.7,1,1,7,1,565,64.05,1
7,0.5,12,3,0,0.8,1,3,7,1,205,66.48,1
11,0.9167,17,2,0,0.2,2,4,1,0,174,61.78,1
4,0.3077,6,0,1,4.0,0,1,9,1,384,36.14,0
12,0.9231,17,2,0,0.3,1,4,1,0,492,63.17,1
7,0.5833,10,3,2,0.7,1,2,5,0,561,62.29,1
8,0.6154,11,3,1,5.3,1,3,5,1,480,80.6,1
6,0.5,10,2,0,5.4,1,4,6,1,538,68.75,1
8,0.6154,11,1,0,0.2,1,3,5,1,473,52.95,0
2,0.1538,6,2,2,1.9,2,6,11,1,281,55.85,0
8,0.5714,14,3,3,6.2,1,4,6,0,349,79.65,1
7,0.5,9,2,1,0.3,2,2,7,0,499,55.51,0
4,0.3077,10,5,3,0.4,1,1,9,1,370,57.34,0
7,0.5833,11,0,0,0.3,1,5,5,1,399,49.15,0
7,0.5385,9,2,4,1.4,1,2,6,0,521,56.19,0
12,0.9231,13,0,2,0.6,1,3,1,1,282,64.41,1
4,0.3333,4,0,1,1.3,1,1,8,1,370,38.02,0
3,0.2308,6,2,0,4.4,1,2,10,1,477,45.36,0
2,0.1667,5,1,3,0.9,2,3,10,0,572,28.65,0
7,0.5385,9,2,3,2.7,1,3,6,1,331,69.25,1
6,0.4286,10,2,0,9.7,1,3,8,0,500,59.47,1
9,0.6923,13,3,2,0.3,1,3,4,1,366,74.0,1
3,0.2143,10,4,2,3.4,1,4,11,0,351,59.53,0
6,0.5,7,4,0,0.3,0,3,6,0,290,54.31,0
13,0.9286,15,3,1,0.4,1,2,1,0,652,72.65,1
10,0.7143,16,1,1,1.7,1,2,4,0,423,57.96,0
5,0.4167,9,1,1,4.6,1,4,7,1,347,56.87,0
3,0.2143,11,2,1,4.1,2,2,11,1,507,65.58,0
7,0.5,8,4,0,0.4,1,2,7,1,580,59.34,1
3,0.25,5,2,2,0.5,1,1,9,1,195,39.17,0
7,0.5833,12,4,0,0.4,1,1,5,1,331,64.42,1
4,0.3077,7,1,0,12.0,1,3,9,1,304,45.45,0
3,0.2143,4,1,0,6.0,1,4,11,1,348,41.22,0
7,0.5833,12,0,0,0.1,1,3,5,1,472,42.99,0
10,0.7143,13,1,0,2.2,0,4,4,1,271,71.07,1
10,0.7692,11,5,0,3.6,1,2,3,1,308,83.46,1
8,0.5714,10,3,0,5.6,1,1,6,0,472,68.62,1
3,0.25,7,2,0,0.4,1,3,9,1,347,38.53,0
8,0.5714,12,2,1,4.4,2,4,6,1,565,79.16,1
10,0.7692,12,1,0,0.0,1,3,3,1,460,61.47,1
9,0.6429,10,2,0,5.8,0,3,5,1,555,64.43,1
9,0.6923,15,4,1,0.3,1,5,4,1,467,69.26,1
4,0.3077,8,2,1,3.6,1,3,9,0,344,49.27,0
3,0.2308,3,2,1,1.7,1,1,10,1,599,41.45,0
7,0.5385,10,2,0,0.6,1,3,6,0,616,48.04,0
7,0.5,7,2,0,1.9,2,5,7,1,451,64.61,1
7,0.5,11,2,2,2.4,1,5,7,0,339,63.53,1
7,0.5833,7,1,1,2.2,1,3,5,1,519,54.24,0
6,0.4286,9,3,1,4.7,1,4,8,1,537,70.26,1
7,0.5385,10,2,0,5.4,1,3,6,0,422,64.03,1
9,0.75,16,2,1,0.3,1,3,3,1,395,67.62,1
6,0.4615,12,2,0,0.1,1,2,7,0,475,42.59,0
5,0.4167,10,2,0,2.0,1,3,7,1,550,55.8,0
7,0.5,10,4,0,1.0,0,2,7,0,211,52.64,0
5,0.4167,8,3,2,1.6,1,4,7,0,493,57.64,0
6,0.4615,9,0,0,2.4,2,2,7,1,536,47.64,0
6,0.4615,9,2,1,1.9,0,3,7,0,226,49.69,0
10,0.7143,13,2,0,1.8,0,1,4,0,359,59.88,1
8,0.6154,13,2,0,0.5,1,2,5,1,266,62.78,1
7,0.5833,13,1,0,1.7,2,2,5,0,381,49.38,0
8,0.6154,11,2,1,1.7,1,2,5,0,364,60.76,1
11,0.9167,16,2,2,3.5,1,4,1,1,391,90.91,1
5,0.3846,8,2,0,0.9,1,2,8,1,466,41.02,0
5,0.3571,7,2,2,0.6,0,1,9,0,465,35.52,0
5,0.3571,8,2,0,1.7,1,3,9,1,461,54.75,0
7,0.5,12,2,2,5.8,1,3,7,0,554,69.3,1
5,0.3846,7,1,2,0.2,2,2,8,1,448,43.23,0
10,0.7692,13,0,0,6.1,1,1,3,1,395,61.36,1
5,0.3846,8,0,0,4.0,1,6,8,1,335,46.41,0
8,0.6154,12,4,1,0.4,1,2,5,0,448,61.4,1
8,0.6154,16,2,0,1.4,1,5,5,1,426,60.37,1
11,0.8462,15,0,0,3.5,1,1,2,1,402,72.53,1
8,0.6154,11,2,3,0.2,1,4,5,0,376,54.29,0
4,0.2857,5,1,3,0.5,1,2,10,1,540,32.7,0
9,0.6429,13,2,0,1.9,2,3,5,1,251,72.6,1
4,0.2857,8,2,3,5.9,1,2,10,1,150,59.86,1
10,0.7692,11,1,0,0.6,1,4,3,1,373,61.73,1
8,0.6667,13,1,1,2.1,0,2,4,0,315,58.44,1
9,0.75,14,3,2,2.5,0,3,3,0,325,75.19,1
12,0.9231,19,4,1,0.8,1,4,1,1,278,81.72,1
10,0.8333,15,1,1,6.0,2,4,2,1,435,73.99,1
1,0.0833,7,1,2,3.2,1,2,11,1,333,37.95,0
7,0.5385,9,2,1,1.8,1,5,6,0,352,57.87,0
12,0.8571,16,3,0,1.3,1,3,2,0,433,80.42,1
4,0.2857,4,1,1,4.6,1,5,10,1,490,46.91,0
6,0.4286,11,0,1,0.4,1,2,8,1,392,36.1,0
7,0.5385,12,2,0,2.3,1,2,6,1,279,59.19,1
5,0.3846,7,1,3,2.1,1,1,8,1,455,49.18,0
5,0.3846,9,3,1,5.2,1,3,8,0,444,66.26,1
2,0.1429,5,2,1,4.4,1,3,12,1,289,46.24,0
7,0.5,10,4,2,0.7,2,3,7,1,510,70.08,1
1,0.0769,4,1,0,1.5,2,2,12,0,285,24.5,0
7,0.5,11,4,1,1.1,1,3,7,1,492,69.95,1
5,0.3571,9,1,3,0.4,1,2,9,1,396,47.89,0
8,0.5714,15,2,2,7.9,2,1,6,0,402,73.74,1
6,0.4615,13,2,0,0.1,1,4,7,1,459,53.6,0
5,0.3846,6,0,1,1.3,1,2,8,0,384,23.02,0
6,0.4615,6,2,2,0.8,1,3,7,1,350,55.44,0
11,0.7857,16,1,1,0.4,2,2,3,1,573,59.76,1
9,0.6923,12,3,0,7.5,1,2,4,1,431,78.16,1
9,0.6429,11,1,0,2.9,1,3,5,1,179,63.57,1
11,0.8462,15,2,1,2.7,2,2,2,1,760,81.09,1
10,0.7692,14,3,1,1.0,1,3,3,1,452,79.66,1
4,0.3077,6,2,0,1.2,1,6,9,1,297,54.17,0
11,0.7857,14,1,2,2.5,1,1,3,0,210,69.62,1
5,0.3846,8,1,2,1.5,1,2,8,1,446,45.77,0
10,0.7692,12,2,1,2.4,1,2,3,1,402,74.64,1
8,0.6154,9,2,0,2.7,1,2,5,0,430,55.75,0
3,0.25,7,2,0,5.4,1,2,9,1,469,54.56,0
1,0.0769,6,4,0,0.9,1,2,12,1,603,37.31,0
9,0.6429,11,2,2,0.2,1,4,5,1,475,71.42,1
10,0.7692,15,1,1,3.8,1,2,3,0,402,66.78,1
11,0.7857,16,1,0,1.5,2,3,3,0,299,55.06,0
4,0.3333,6,3,0,3.9,1,5,8,1,370,72.29,1
2,0.1538,6,3,1,4.9,2,1,11,0,408,53.88,0
3,0.25,9,0,0,1.7,1,2,9,0,332,27.16,0
9,0.6429,11,0,4,0.7,1,2,5,1,388,52.76,0
3,0.2308,5,4,0,0.6,1,2,10,0,413,41.42,0
5,0.4167,12,2,4,2.4,0,2,7,0,203,51.62,0
4,0.2857,7,0,0,0.2,1,3,10,0,524,27.68,0
10,0.8333,14,3,2,0.9,1,3,2,0,614,85.99,1
9,0.6923,11,2,1,0.2,1,3,4,1,515,61.89,1
11,0.8462,14,5,2,2.3,1,1,2,1,590,86.24,1
9,0.6923,11,4,0,5.6,1,6,4,1,463,81.94,1
9,0.6923,10,3,0,2.2,2,2,4,0,439,67.44,1
10,0.7692,13,3,0,2.6,1,2,3,1,326,82.96,1
11,0.8462,16,3,1,2.7,1,2,2,1,423,86.74,1
1,0.0714,1,4,1,0.9,2,1,13,1,257,40.64,0
11,0.9167,14,0,0,9.4,1,1,1,1,499,69.97,1
9,0.6923,14,2,1,1.3,2,5,4,1,322,70.95,1
10,0.7692,14,3,1,1.3,0,2,3,0,543,71.74,1
4,0.3077,9,1,0,0.5,0,2,9,1,257,38.77,0
8,0.5714,9,4,1,1.7,1,2,6,0,657,56.0,0
4,0.3077,7,2,1,4.2,1,2,9,1,441,58.83,1
8,0.5714,12,4,0,1.7,0,1,6,1,336,65.48,1
9,0.6923,10,4,0,4.2,2,3,4,1,479,83.82,1
1,0.0769,5,2,3,0.4,1,1,12,0,449,29.0,0
10,0.7143,14,4,0,0.3,1,3,4,1,520,69.84,1
4,0.3077,7,3,0,1.3,1,3,9,1,475,55.23,0
3,0.2308,5,2,3,0.2,1,3,10,1,433,45.37,0
12,0.8571,14,2,0,2.5,1,2,2,1,525,76.76,1
9,0.6923,12,2,2,1.0,1,2,4,1,407,67.9,1
9,0.75,11,3,1,0.2,1,1,3,0,527,66.5,1
5,0.3846,9,4,0,1.4,1,2,8,1,201,51.75,0
6,0.4615,10,1,0,0.2,1,3,7,0,650,34.42,0
6,0.4286,11,0,2,2.0,1,2,8,0,419,46.29,0
2,0.1538,4,1,1,0.3,1,2,11,1,379,30.77,0
5,0.3846,7,4,1,0.7,1,3,8,0,474,50.89,0
5,0.3571,9,3,0,1.1,1,5,9,1,350,49.19,0
6,0.5,10,1,1,0.7,1,3,6,1,371,48.0,0
6,0.4286,8,2,0,2.5,1,3,8,1,378,52.59,0
5,0.3846,6,2,0,0.4,1,1,8,1,434,35.09,0
2,0.1429,4,4,0,1.8,1,1,12,1,262,44.21,0
11,0.7857,15,3,1,0.1,1,2,3,0,468,64.56,1
10,0.7692,13,3,0,3.7,0,3,3,1,590,85.39,1
6,0.4286,11,2,4,4.5,1,3,8,0,382,64.49,1
10,0.7143,11,3,2,2.1,1,1,4,0,344,74.53,1
3,0.2308,5,2,1,0.7,0,3,10,1,501,39.03,0
8,0.5714,11,3,0,5.1,2,2,6,0,553,77.28,1
10,0.7692,15,2,3,3.1,1,1,3,1,534,80.32,1
3,0.2143,4,1,2,0.3,1,2,11,1,386,38.95,0
6,0.4286,10,1,0,1.9,1,3,8,1,520,50.88,0
10,0.8333,13,4,1,3.4,1,3,2,1,504,88.63,1
5,0.3571,5,1,1,1.1,1,6,9,1,300,46.53,0
9,0.6923,11,1,0,0.3,2,2,4,1,462,51.23,0
6,0.4286,9,1,1,1.8,2,1,8,0,337,45.23,0
2,0.1667,8,3,4,0.6,1,3,10,1,370,43.81,0
7,0.5833,10,1,3,5.9,1,3,5,1,246,65.95,1
9,0.6923,14,2,0,0.8,1,5,4,1,505,65.32,1
7,0.5,12,3,1,1.2,1,2,7,1,414,63.54,1
6,0.5,6,2,2,1.7,1,1,6,0,535,51.27,0
8,0.6154,12,1,3,0.2,1,2,5,1,368,55.52,0
9,0.6923,17,2,0,0.7,1,4,4,1,314,66.14,1
6,0.4615,11,2,1,4.1,0,2,7,0,452,64.91,1
1,0.0769,5,2,1,0.6,1,4,12,1,392,35.83,0
11,0.7857,15,3,0,0.1,1,2,3,0,397,72.26,1
7,0.5,10,2,0,2.8,1,2,7,1,468,55.8,0
10,0.8333,13,0,1,1.8,1,3,2,1,502,60.79,1
3,0.2308,6,0,2,0.4,1,2,10,1,356,28.23,0
7,0.5,8,2,1,7.2,1,2,7,1,296,61.49,1
11,0.8462,14,3,0,4.8,2,3,2,0,418,92.43,1
11,0.7857,15,1,0,3.0,1,2,3,1,414,70.6,1
6,0.5,7,2,0,0.2,1,1,6,1,351,45.49,0
5,0.3571,6,3,1,5.0,1,4,9,0,390,63.17,1
8,0.5714,12,3,0,0.3,2,2,6,0,300,68.24,1
11,0.7857,13,3,0,1.1,1,3,3,1,594,75.87,1
11,0.8462,14,1,0,1.1,2,2,2,0,494,67.33,1
11,0.9167,13,4,0,2.3,1,2,1,1,310,78.84,1
3,0.25,6,2,2,0.6,2,1,9,0,441,40.97,0
6,0.4286,6,3,1,0.3,1,1,8,1,432,61.88,1
7,0.5385,13,3,0,5.7,1,1,6,1,282,69.97,1
1,0.0769,6,1,2,8.7,1,1,12,1,506,32.77,0
9,0.6923,18,1,1,1.6,2,2,4,1,358,65.02,1
8,0.6667,10,5,0,0.6,1,3,4,1,343,68.91,1
5,0.3571,12,2,0,3.8,0,3,9,1,543,53.24,0
6,0.4286,8,2,1,2.0,1,3,8,1,445,53.95,0
6,0.4615,11,2,1,0.0,1,2,7,0,457,50.67,0
7,0.5,9,5,0,5.9,2,3,7,0,639,69.46,1
6,0.4615,9,0,0,0.2,1,4,7,1,281,41.98,0
5,0.3571,7,5,0,0.9,1,2,9,0,612,46.16,0
3,0.25,6,2,1,6.7,1,4,9,1,411,54.79,0
8,0.6154,12,2,1,1.4,1,3,5,1,368,70.68,1
1,0.0769,5,2,2,0.9,1,2,12,0,480,27.11,0
5,0.4167,8,4,0,1.9,1,2,7,0,374,51.61,0
8,0.6154,13,2,4,6.1,2,4,5,1,502,78.22,1
8,0.6154,13,3,1,2.4,1,2,5,1,277,73.26,1
6,0.4615,10,2,0,1.5,1,1,7,0,600,51.39,0
9,0.6923,14,1,0,4.3,0,1,4,1,351,61.21,1
5,0.3846,8,3,1,0.0,2,4,8,0,468,54.36,0
8,0.6154,14,2,1,3.5,1,4,5,0,403,65.48,1
8,0.6154,10,1,2,5.8,1,4,5,1,400,74.51,1
11,0.7857,14,3,1,2.7,1,4,3,1,267,83.32,1
7,0.5,10,1,2,0.3,1,3,7,0,546,46.97,0
7,0.5385,11,3,0,0.8,1,1,6,1,489,60.59,1
6,0.4286,10,2,1,1.8,2,4,8,0,390,54.19,0
9,0.6923,11,1,0,0.7,1,3,4,1,319,57.21,0
3,0.25,7,4,2,0.5,1,4,9,0,382,53.83,0
2,0.1538,9,5,2,4.4,1,4,11,1,513,60.66,0
7,0.5385,11,1,1,1.7,1,3,6,1,350,57.91,0
8,0.5714,10,2,1,1.0,1,4,6,0,389,50.96,0
8,0.6154,10,0,1,1.5,0,3,5,1,222,51.04,0
10,0.7143,12,3,2,0.3,1,1,4,1,442,65.18,1
8,0.6154,14,3,0,2.7,1,2,5,1,319,77.03,1
9,0.6923,14,1,0,4.3,1,2,4,0,283,69.08,1
3,0.25,10,4,2,8.5,2,2,9,1,382,63.3,0
8,0.6154,8,1,0,1.0,1,1,5,1,474,46.06,0
6,0.4615,10,2,0,0.4,1,3,7,1,255,55.29,0
6,0.5,11,2,2,0.2,2,5,6,1,392,59.8,1
11,0.8462,12,2,0,0.9,1,2,2,1,194,69.6,1
4,0.2857,8,3,0,2.6,1,2,10,1,568,59.55,1
9,0.6429,10,2,0,2.8,1,1,5,1,551,66.59,1
4,0.2857,7,3,0,0.7,1,2,10,1,473,47.15,0
4,0.3077,10,1,3,0.2,2,4,9,0,475,40.72,0
9,0.6923,14,2,0,2.6,1,3,4,1,408,71.02,1
5,0.3846,8,2,1,0.5,1,2,8,1,150,48.87,0
1,0.0833,3,2,1,0.1,1,3,11,0,474,33.97,0
7,0.5385,10,2,0,0.8,1,3,6,1,296,53.24,0
8,0.5714,14,3,2,0.9,1,1,6,1,502,61.49,1
8,0.6154,11,1,1,3.2,1,3,5,0,365,61.03,1
6,0.5,11,2,1,0.0,0,4,6,0,518,44.44,0
3,0.25,5,3,0,0.7,1,6,9,1,502,52.89,0
7,0.5385,10,2,4,1.1,1,2,6,1,347,61.61,1
8,0.5714,9,1,1,0.0,1,3,6,1,436,50.7,0
8,0.6667,14,3,0,3.3,2,3,4,1,389,73.73,1
3,0.2143,7,3,1,1.2,2,2,11,0,498,45.5,0
7,0.5385,9,2,2,1.0,1,3,6,0,452,59.21,1
7,0.5385,13,2,0,5.3,1,2,6,1,332,63.83,1
3,0.2308,7,3,2,3.6,1,2,10,0,329,59.27,0
6,0.5,7,2,0,1.8,2,2,6,0,548,48.51,0
7,0.5833,12,2,4,4.0,2,4,5,1,348,74.69,1
11,0.8462,13,3,0,0.6,1,2,2,1,484,65.96,1
2,0.1538,7,2,1,1.8,1,3,11,0,452,37.35,0
9,0.6429,16,2,0,0.8,0,4,5,1,383,53.58,0
6,0.5,10,1,1,1.4,2,1,6,0,505,48.95,0
6,0.4615,7,0,0,0.2,1,2,7,1,344,36.34,0
6,0.5,12,1,3,0.3,1,3,6,0,273,48.53,0
8,0.6667,12,1,0,1.9,1,1,4,0,543,55.03,0
8,0.6667,12,2,0,8.4,1,3,4,0,363,73.02,1
8,0.6154,10,2,2,3.9,1,3,5,0,347,67.93,1
6,0.5,9,2,0,0.7,0,3,6,1,446,49.21,0
9,0.6429,13,3,1,2.5,2,2,5,0,358,72.63,1
5,0.3846,12,2,2,0.6,1,1,8,0,261,44.8,0
7,0.5833,11,2,0,1.5,1,3,5,1,241,62.02,1
3,0.2308,7,2,2,4.6,1,1,10,0,391,52.58,0
7,0.5,9,2,0,0.4,1,3,7,1,428,52.06,0
10,0.7692,13,3,1,7.4,1,1,3,1,524,85.97,1
8,0.6154,15,2,0,1.4,1,2,5,0,468,56.4,0
3,0.2308,4,2,1,4.5,1,3,10,0,467,50.71,0
2,0.1538,5,4,1,2.2,2,2,11,1,226,47.34,0
5,0.3846,6,2,1,1.5,2,4,8,1,516,52.57,0
6,0.4286,9,3,1,1.4,1,3,8,1,242,63.55,1
7,0.5833,11,3,0,3.4,1,2,5,1,298,74.45,1
8,0.5714,13,3,0,0.2,1,2,6,1,516,64.0,1
10,0.7692,16,1,1,3.7,1,3,3,0,486,66.86,1
7,0.5,13,3,1,2.3,1,2,7,1,336,67.75,1
8,0.5714,11,1,3,3.8,1,1,6,1,274,63.64,1
13,0.9286,16,3,0,0.2,1,2,1,0,267,70.6,1
6,0.4615,10,5,1,6.7,2,4,7,0,467,69.66,1
7,0.5,11,2,0,3.5,1,3,7,0,376,58.9,1
12,0.9231,16,1,0,4.2,0,5,1,0,359,68.6,1
7,0.5,10,0,0,0.1,1,2,7,0,377,27.04,0
3,0.2143,7,2,1,3.0,1,3,11,0,523,45.18,0
9,0.6429,10,3,2,6.7,0,3,5,1,581,77.26,1
9,0.6923,16,2,0,1.9,1,3,4,1,414,68.09,1
5,0.3571,11,4,4,5.1,1,4,9,1,470,70.95,1
11,0.9167,16,1,2,2.7,1,3,1,1,456,73.42,1
5,0.3846,12,2,0,1.6,2,4,8,1,448,55.02,0
3,0.2308,8,3,0,1.0,1,5,10,1,445,55.53,0
7,0.5,9,4,2,10.8,1,5,7,0,438,77.82,1
10,0.7143,13,4,0,2.0,1,1,4,1,497,71.88,1
10,0.7143,10,3,2,2.1,1,2,4,1,352,76.44,1
11,0.8462,13,4,0,4.7,1,5,2,1,411,84.76,1
13,0.9286,16,3,0,1.8,1,5,1,0,396,76.38,1
3,0.25,8,1,1,1.0,2,3,9,1,296,37.24,0
10,0.7692,12,2,1,1.9,2,4,3,1,411,75.73,1
2,0.1667,5,3,0,1.2,1,2,10,0,503,43.51,0
6,0.4615,9,0,0,3.0,1,2,7,0,370,43.57,0
7,0.5833,7,3,0,3.4,1,4,5,1,445,72.61,1
2,0.1667,4,4,4,0.2,1,2,10,0,342,45.12,0
8,0.5714,11,0,3,0.3,1,3,6,1,606,42.14,0
11,0.8462,19,1,2,1.9,2,5,2,1,338,66.21,1
9,0.6923,14,1,1,0.2,2,1,4,0,518,44.47,0
6,0.4286,10,4,0,0.2,1,3,8,1,618,55.51,0
9,0.6429,10,1,0,0.8,1,3,5,0,535,52.98,0
12,0.8571,12,3,0,4.9,2,1,2,1,690,86.32,1
10,0.8333,10,3,0,4.0,1,3,2,0,382,85.26,1
11,0.7857,13,0,1,2.4,1,2,3,1,375,62.41,1
4,0.3077,10,2,0,4.9,1,1,9,1,300,55.72,0
8,0.6154,15,4,0,0.8,1,1,5,1,462,69.42,1
6,0.4286,11,2,0,2.0,1,1,8,0,515,49.78,0
2,0.1538,11,4,1,1.4,1,1,11,1,595,46.94,0
2,0.1538,8,2,0,0.4,0,1,11,0,539,21.64,0
7,0.5385,8,1,0,0.9,1,3,6,1,394,51.77,0
8,0.5714,10,5,0,1.1,1,3,6,1,434,68.96,1
5,0.4167,12,2,1,0.2,1,3,7,1,390,57.03,0
10,0.7143,16,2,1,0.0,1,4,4,1,369,68.78,1
9,0.6923,11,4,1,9.4,1,5,4,1,289,81.8,1
11,0.7857,15,3,1,0.6,1,4,3,0,389,72.56,1
2,0.1429,11,3,3,3.5,1,3,12,0,258,56.63,0
3,0.2308,5,1,2,0.9,1,5,10,1,597,46.78,0
4,0.3077,7,0,2,0.6,1,3,9,1,499,32.67,0
6,0.4615,11,2,0,2.2,1,3,7,1,434,58.77,1
8,0.6154,11,2,0,4.2,1,3,5,0,383,66.39,1
8,0.6154,10,2,0,2.9,2,3,5,1,391,69.11,1
7,0.5385,9,2,2,3.2,1,2,6,0,326,59.29,1
6,0.5,8,2,0,2.4,1,2,6,1,510,54.66,0
6,0.4615,8,4,3,3.3,1,2,7,1,337,70.92,1
9,0.6429,11,3,0,4.8,1,2,5,1,458,73.32,1
10,0.7692,15,1,2,1.1,0,2,3,1,248,63.06,1
7,0.5385,11,3,0,8.8,1,5,6,0,445,77.19,1
6,0.4286,8,2,2,2.0,1,2,8,1,510,57.67,0
6,0.5,11,1,1,4.7,1,4,6,1,307,62.86,1
6,0.4286,7,2,0,5.7,1,3,8,1,392,56.41,0
6,0.4615,8,2,0,2.2,2,2,7,0,432,45.81,0
7,0.5,12,0,2,0.4,1,1,7,1,228,40.12,0
7,0.5,8,1,1,0.5,2,1,7,1,321,49.17,0
8,0.6667,12,2,0,1.1,1,2,4,0,345,51.67,0
5,0.3571,9,3,0,1.7,2,4,9,1,281,57.61,0
8,0.6154,11,3,2,2.5,0,2,5,1,588,75.32,1
6,0.4286,10,3,1,1.3,1,3,8,0,384,59.3,1
5,0.4167,9,3,0,0.6,2,2,7,0,485,48.75,0
8,0.6154,11,4,1,3.7,1,2,5,0,232,75.88,1
10,0.8333,14,4,2,1.6,1,2,2,0,408,82.03,1
7,0.5385,9,2,3,0.6,1,5,6,1,551,59.18,1
13,0.9286,14,0,2,1.5,1,2,1,0,463,62.69,1
10,0.7692,17,1,0,1.1,0,4,3,1,251,57.74,0
6,0.5,14,2,2,2.6,0,2,6,1,517,65.5,1
8,0.6154,10,1,1,0.7,2,2,5,1,306,52.3,0
8,0.6154,14,1,1,0.2,1,1,5,0,236,51.79,0
2,0.1538,4,3,0,0.8,1,4,11,1,341,51.3,0
10,0.7143,12,2,1,1.3,1,3,4,0,335,60.21,1
10,0.7692,11,0,0,0.3,1,4,3,0,367,42.7,0
9,0.6923,12,1,0,2.2,1,1,4,1,388,58.28,1
6,0.4615,13,2,0,2.3,1,1,7,0,406,47.62,0
5,0.4167,7,2,4,11.6,1,3,7,1,370,62.11,1
10,0.8333,17,2,3,0.4,0,2,2,0,423,65.85,1
4,0.3077,5,0,1,4.8,1,6,9,1,487,45.76,0
6,0.4615,11,3,3,3.4,1,1,7,1,576,76.07,1
6,0.5,13,1,0,2.8,1,2,6,1,192,60.22,1
5,0.3846,7,4,1,0.3,0,5,8,0,605,48.52,0
7,0.5,7,4,1,0.5,2,4,7,0,490,57.34,0
4,0.3077,6,0,1,0.6,1,3,9,1,379,28.7,0
9,0.6923,11,1,2,5.7,2,2,4,1,610,72.69,1
8,0.6154,15,2,1,4.6,1,2,5,0,388,69.51,1
12,0.9231,16,0,1,0.2,1,3,1,1,477,58.74,1
8,0.6154,9,3,1,5.8,1,4,5,1,502,78.08,1
5,0.3571,7,2,1,4.2,2,2,9,1,465,65.05,1
3,0.2143,9,1,1,1.0,2,2,11,0,396,30.79,0
8,0.6154,13,2,3,3.5,1,3,5,0,217,67.04,1
11,0.8462,16,3,1,2.2,0,2,2,1,515,77.82,1
7,0.5833,9,2,0,0.4,2,3,5,0,252,51.08,0
10,0.7692,12,3,0,3.8,2,1,3,1,484,85.15,1
3,0.2308,9,2,0,0.7,1,1,10,1,482,44.71,0
8,0.6154,10,0,0,0.6,1,2,5,1,522,50.29,0
8,0.6667,11,2,2,3.1,1,2,4,1,402,73.72,1
2,0.1429,5,3,1,2.1,1,2,12,1,233,51.75,0
11,0.7857,14,3,0,0.0,2,3,3,1,484,69.69,1
8,0.5714,11,2,0,0.2,1,2,6,0,189,49.01,0
9,0.75,11,2,3,3.3,2,2,3,0,543,76.68,1
4,0.3333,10,1,2,1.0,0,2,8,1,309,46.93,0
12,0.8571,16,1,2,3.2,1,1,2,1,212,71.35,1
6,0.5,8,2,3,2.0,1,3,6,0,424,50.6,0
5,0.3846,8,1,0,7.7,1,5,8,1,274,56.17,0
7,0.5385,13,1,1,3.5,1,3,6,1,559,58.93,1
9,0.75,10,3,2,0.6,1,3,3,1,482,77.84,1
10,0.7692,12,1,2,1.0,1,4,3,1,239,61.4,1
9,0.6923,15,2,0,3.1,1,5,4,1,463,73.55,1
8,0.6154,11,3,1,1.2,1,6,5,1,510,72.74,1
10,0.7692,13,3,2,1.4,1,2,3,0,437,77.56,1
2,0.1538,6,0,1,12.0,1,2,11,0,356,38.25,0
7,0.5385,11,1,0,0.5,1,3,6,1,532,53.67,0
8,0.5714,10,1,2,4.2,1,1,6,0,366,54.71,0
7,0.5,8,5,1,1.7,1,4,7,0,287,67.17,1
4,0.3333,10,0,2,2.3,1,1,8,1,288,42.75,0
10,0.8333,14,1,0,1.2,2,2,2,1,444,63.82,1
7,0.5,9,2,1,2.5,1,4,7,1,341,66.92,1
8,0.6154,10,1,3,3.7,1,1,5,1,390,63.7,1
1,0.0714,6,3,3,2.8,2,3,13,1,336,54.11,0
13,1.0,18,4,2,4.9,1,1,0,1,471,97.11,1
5,0.3846,10,1,0,5.4,1,3,8,1,615,54.4,0
10,0.7692,16,1,0,2.6,2,2,3,1,379,63.52,1
6,0.5,11,2,0,4.0,1,2,6,1,354,64.32,1
12,0.8571,17,2,3,2.2,1,3,2,1,589,82.77,1
9,0.75,12,2,0,3.1,1,1,3,0,475,64.8,1
3,0.2143,6,0,1,2.7,0,3,11,1,469,34.95,0
7,0.5385,10,1,1,0.6,1,5,6,0,517,53.68,0
4,0.2857,6,2,0,0.3,1,1,10,0,375,37.27,0
5,0.3846,12,2,1,2.1,1,2,8,1,283,55.56,0
7,0.5385,10,3,0,9.1,1,2,6,1,473,69.7,1
5,0.4167,9,3,0,3.7,2,2,7,1,695,66.21,1
11,0.9167,11,1,2,7.2,1,3,1,1,294,80.84,1
8,0.6154,8,2,0,1.0,1,2,5,1,531,53.44,0
5,0.3846,9,1,3,4.7,1,3,8,1,528,55.9,0
1,0.0769,4,4,1,1.1,1,3,12,1,455,39.16,0
7,0.5385,10,3,1,0.5,1,4,6,1,308,65.71,1
8,0.6154,13,1,1,4.6,2,1,5,0,580,70.96,1
6,0.5,11,2,0,1.6,2,2,6,1,407,61.45,1
12,0.8571,18,2,0,0.4,1,2,2,0,321,60.91,1
2,0.1667,6,3,4,4.9,1,6,10,1,373,57.76,0
6,0.4615,11,0,0,2.9,1,3,7,1,394,50.48,0
8,0.5714,10,2,3,2.6,2,2,6,1,403,70.86,1
6,0.5,12,5,1,4.4,2,3,6,1,359,74.88,1
7,0.5833,8,3,1,1.3,1,4,5,1,467,69.85,1
4,0.3333,11,2,0,0.1,2,2,8,0,321,39.12,0
6,0.5,11,2,3,2.2,1,3,6,0,415,59.61,1
10,0.7692,10,2,3,2.6,1,2,3,1,370,68.39,1
7,0.5833,12,1,1,0.2,1,3,5,1,474,46.02,0
6,0.4286,7,1,1,2.7,1,3,8,1,269,58.66,1
5,0.4167,10,0,0,0.6,0,2,7,1,678,37.39,0
5,0.3571,8,2,0,1.1,2,2,9,0,368,49.34,0
10,0.8333,11,2,2,0.6,2,5,2,0,373,74.15,1
8,0.6667,12,2,1,3.8,1,4,4,0,396,71.73,1
5,0.4167,6,2,0,2.4,2,2,7,1,404,58.71,1
11,0.7857,12,2,2,0.1,1,5,3,1,536,73.4,1
2,0.1538,6,1,0,0.2,1,1,11,1,329,30.4,0
7,0.5385,7,3,3,4.4,1,2,6,1,592,76.44,1
11,0.9167,14,1,1,6.9,2,2,1,1,441,75.07,1
10,0.7692,14,2,0,1.7,2,3,3,0,505,68.02,1
5,0.4167,8,1,1,4.8,1,3,7,1,248,62.88,1
5,0.4167,8,2,2,1.2,1,4,7,1,241,53.11,0
11,0.8462,14,4,0,4.5,1,1,2,0,377,86.13,1
10,0.7143,13,3,1,4.2,1,1,4,1,672,76.26,1
8,0.6154,12,1,1,0.4,0,2,5,1,441,47.04,0
6,0.4286,9,2,1,4.7,1,4,8,1,331,64.46,1
8,0.6667,12,1,3,0.8,1,2,4,0,544,51.4,0
4,0.3077,10,1,2,2.0,2,2,9,1,366,45.31,0
6,0.4286,9,2,0,0.9,1,1,8,1,344,55.15,0
6,0.4615,10,1,0,4.3,1,2,7,1,326,60.14,1
11,0.8462,12,1,3,1.8,1,2,2,1,494,70.26,1
7,0.5,10,2,0,0.3,2,3,7,0,361,52.73,0
4,0.3077,7,2,2,4.0,1,2,9,0,495,50.09,0
6,0.4286,10,2,0,3.1,1,3,8,1,549,54.54,0
1,0.0714,5,4,1,1.7,1,2,13,1,422,44.77,0
11,0.7857,13,1,0,1.2,2,4,3,1,564,57.94,0
11,0.7857,14,2,1,4.8,1,1,3,1,367,79.29,1
7,0.5,11,2,0,4.9,2,2,7,1,464,62.77,1
8,0.5714,14,2,1,2.3,1,3,6,1,646,71.78,1
7,0.5,9,2,1,1.4,2,2,7,1,391,57.43,0
5,0.4167,12,2,4,0.8,1,2,7,1,349,57.09,0
5,0.3846,6,4,1,3.0,1,2,8,1,246,64.26,1
5,0.3846,7,3,0,0.2,1,3,8,1,363,54.76,0
8,0.6667,13,4,0,0.2,1,3,4,1,547,71.28,1
7,0.5,10,2,0,1.4,0,5,7,0,324,51.3,0
8,0.6667,18,2,0,0.7,1,3,4,1,515,67.04,1
8,0.5714,15,4,1,3.5,1,2,6,1,345,76.69,1
6,0.4615,9,1,0,8.0,1,3,7,1,331,55.89,0
8,0.6154,16,2,0,0.4,1,1,5,0,610,45.2,0
7,0.5833,10,2,0,0.8,1,4,5,0,537,56.83,0
11,0.8462,15,2,0,2.5,2,2,2,1,337,80.29,1
9,0.6429,13,4,1,2.6,1,1,5,0,380,67.75,1
6,0.4286,8,3,0,4.2,1,3,8,0,603,63.8,1
7,0.5,8,1,0,1.8,1,1,7,1,455,51.97,0
9,0.6923,13,3,0,0.7,1,2,4,1,541,61.13,1
6,0.4286,10,3,1,7.3,2,3,8,1,443,67.54,1
7,0.5833,9,1,0,4.1,1,2,5,0,350,55.07,0
3,0.25,8,1,1,1.5,1,4,9,1,422,51.75,0
6,0.4615,8,4,0,3.8,1,2,7,1,223,70.71,1
10,0.7692,14,1,0,0.4,1,1,3,1,354,56.92,0
11,0.8462,19,3,2,7.3,1,3,2,1,276,92.19,1
9,0.6923,11,2,0,3.5,2,2,4,1,599,72.97,1
8,0.6154,17,2,2,0.8,1,2,5,0,285,61.47,1
2,0.1538,4,3,0,2.3,1,3,11,0,343,44.84,0
2,0.1429,6,0,1,1.8,1,3,12,1,545,19.14,0
8,0.5714,12,3,2,4.7,1,4,6,1,380,80.62,1
7,0.5385,8,3,3,4.6,1,3,6,1,305,74.49,1
8,0.5714,13,0,1,3.7,1,1,6,1,513,58.04,1
7,0.5,13,0,3,0.7,2,2,7,1,411,47.45,0
3,0.2308,6,0,0,0.2,1,2,10,0,451,18.68,0
6,0.4615,9,0,2,1.2,2,1,7,0,366,43.14,0
8,0.5714,9,2,2,1.4,2,3,6,1,475,64.61,1
12,0.8571,14,2,2,1.9,2,3,2,0,388,74.1,1
11,0.8462,11,1,0,3.3,1,4,2,1,506,80.1,1
9,0.6429,12,1,0,0.6,1,3,5,1,446,57.5,0
9,0.6429,14,1,0,0.3,1,2,5,0,398,48.92,0
13,0.9286,16,1,0,0.5,1,1,1,1,367,63.0,1
3,0.2143,9,2,4,3.2,2,3,11,0,415,55.26,0
8,0.5714,10,1,0,3.9,2,4,6,0,520,55.72,0
4,0.2857,5,3,0,0.1,1,1,10,0,674,37.18,0
5,0.3571,10,3,1,7.7,1,5,9,1,469,66.62,1
6,0.4286,10,3,3,1.0,1,2,8,0,528,52.13,0
4,0.2857,10,2,4,1.0,1,2,10,1,391,52.31,0
10,0.7692,15,4,4,0.2,2,2,3,1,506,75.51,1
6,0.4286,7,0,2,0.5,1,4,8,0,423,33.3,0
12,1.0,15,0,1,4.8,1,5,0,0,342,74.47,1
7,0.5,13,2,0,1.0,2,2,7,1,278,63.55,1
11,0.7857,14,1,0,1.0,1,3,3,1,485,58.07,1
8,0.5714,12,3,0,1.4,2,2,6,1,468,67.01,1
9,0.6923,13,1,1,0.1,1,2,4,0,496,52.13,0
3,0.2143,9,1,0,3.2,2,3,11,0,562,47.61,0
6,0.4615,11,4,0,1.0,2,2,7,1,520,57.7,0
6,0.4615,9,3,1,1.7,1,3,7,1,482,62.56,1
7,0.5,11,3,1,2.5,1,6,7,0,465,63.76,1
9,0.6429,14,3,0,0.1,1,3,5,1,297,67.01,1
11,0.7857,15,3,0,3.6,1,2,3,1,456,83.92,1
4,0.3077,9,2,0,1.8,1,3,9,1,388,48.13,0
5,0.3846,12,1,1,1.7,0,1,8,0,339,38.42,0
6,0.4615,8,2,0,10.5,1,2,7,1,463,52.19,0
5,0.3846,5,2,2,0.0,1,5,8,1,460,52.67,0
7,0.5385,10,2,2,5.0,2,4,6,1,540,79.17,1
9,0.6923,13,3,0,0.5,1,3,4,0,428,58.72,1
8,0.6154,11,2,0,1.6,1,1,5,1,234,57.88,0
1,0.0769,7,2,2,0.4,1,2,12,1,428,38.1,0
5,0.3571,10,2,2,1.5,1,3,9,0,554,52.28,0
1,0.0714,4,1,0,1.1,1,3,13,1,519,26.17,0
10,0.7692,14,1,2,0.2,0,3,3,1,417,60.68,1
7,0.5385,11,0,0,1.7,1,3,6,1,450,45.93,0
11,0.8462,17,1,0,0.3,1,3,2,1,483,64.32,1
11,0.8462,13,5,0,1.3,1,2,2,1,464,76.67,1
12,0.9231,18,2,2,1.2,1,2,1,1,419,79.94,1
7,0.5385,11,2,4,1.0,1,2,6,0,498,59.16,1
2,0.1538,4,3,0,1.5,1,3,11,1,359,44.0,0
11,0.9167,12,5,1,4.4,2,3,1,0,485,88.63,1
10,0.7692,12,3,1,1.0,1,5,3,1,441,79.88,1
4,0.2857,6,1,1,2.8,1,1,10,1,412,35.46,0
7,0.5385,11,2,0,0.4,1,2,6,1,309,55.54,0
11,0.8462,12,2,0,1.1,1,2,2,1,383,68.72,1
10,0.7692,15,2,1,0.1,1,1,3,1,538,66.52,1
12,0.9231,14,1,2,2.4,2,1,1,1,365,77.64,1
11,0.7857,15,5,3,0.1,1,1,3,1,316,72.02,1
6,0.4615,12,3,2,6.8,1,3,7,0,483,70.0,1
9,0.6429,12,0,0,1.9,1,2,5,1,328,55.17,0
6,0.5,8,1,2,1.6,0,3,6,1,255,52.33,0
8,0.6154,10,3,3,0.5,1,3,5,1,273,68.55,1
6,0.4615,8,3,0,0.6,1,4,7,0,517,52.92,0
3,0.25,5,2,0,0.0,2,3,9,1,442,42.53,0
7,0.5385,13,3,1,2.4,2,3,6,1,513,69.74,1
11,0.9167,11,2,0,3.1,1,2,1,1,485,75.47,1
10,0.7692,19,3,3,0.5,1,2,3,0,509,66.67,1
9,0.6429,14,0,0,4.0,0,2,5,0,444,57.66,0
8,0.5714,11,4,1,2.6,1,4,6,1,254,73.97,1
4,0.2857,4,3,2,1.1,1,2,10,0,591,47.33,0
7,0.5385,12,1,0,4.1,0,4,6,1,499,60.91,1
5,0.3846,10,0,2,6.3,1,2,8,1,418,52.46,0
8,0.6154,14,1,2,0.5,2,2,5,0,513,50.29,0
3,0.2308,6,2,1,1.0,1,3,10,1,596,45.31,0
9,0.6923,15,3,0,2.7,0,4,4,1,438,85.03,1
8,0.6667,11,5,1,0.5,1,4,4,1,191,73.0,1
11,0.8462,17,3,1,0.2,1,1,2,0,544,74.08,1
11,0.7857,15,2,1,1.5,1,3,3,1,472,77.41,1
9,0.6923,14,1,2,4.9,1,2,4,1,576,70.6,1
5,0.3846,9,3,3,0.2,1,4,8,1,550,61.33,1
11,0.9167,16,3,1,0.8,1,1,1,1,342,82.09,1
11,0.7857,14,2,2,1.9,2,2,3,1,489,73.89,1
10,0.7143,13,1,0,1.1,1,1,4,0,504,57.29,0
9,0.6923,14,3,0,0.5,1,3,4,0,350,72.11,1
11,0.8462,16,3,2,2.9,1,2,2,1,275,88.78,1
5,0.4167,8,2,2,0.7,1,5,7,0,412,49.67,0
9,0.75,12,2,0,0.3,1,2,3,0,504,58.76,1
10,0.7692,15,2,3,0.9,2,1,3,1,436,75.52,1
8,0.6154,10,1,1,4.2,1,3,5,1,398,62.62,1
12,0.8571,14,4,0,4.2,0,4,2,1,244,83.58,1
12,0.8571,14,2,1,1.1,1,3,2,0,402,68.59,1
11,0.8462,16,2,2,2.3,0,1,2,1,337,82.15,1
4,0.3333,6,0,0,0.8,1,1,8,1,395,31.01,0
10,0.7143,11,4,4,2.3,2,3,4,1,456,78.85,1
10,0.7692,15,3,0,0.5,1,4,3,1,635,73.45,1
9,0.6429,10,3,2,0.6,1,1,5,1,660,65.1,1
10,0.7143,11,3,2,1.9,1,2,4,1,437,72.18,1
11,0.7857,15,4,2,1.9,2,2,3,1,536,85.61,1
7,0.5,9,4,0,0.8,2,2,7,1,466,58.67,1
10,0.8333,14,2,0,2.3,1,2,2,0,480,70.02,1
5,0.3571,9,2,2,2.0,1,2,9,0,340,49.2,0
8,0.6154,10,1,0,5.9,1,3,5,1,340,61.91,1
7,0.5385,11,4,0,4.3,1,2,6,1,452,74.79,1
7,0.5385,10,1,1,0.3,1,3,6,1,410,49.93,0
12,0.9231,16,2,2,1.9,1,3,1,1,294,79.46,1
10,0.7692,16,1,1,4.5,2,3,3,1,458,78.95,1
2,0.1429,3,2,1,3.0,2,1,12,1,366,44.74,0
5,0.4167,6,2,4,0.5,1,6,7,0,632,50.28,0
8,0.6667,13,3,0,3.1,1,2,4,0,222,76.81,1
12,0.9231,20,5,0,0.1,1,1,1,1,405,78.3,1
5,0.3846,6,2,3,4.6,2,2,8,1,430,59.47,1
7,0.5385,14,2,2,8.6,1,2,6,1,463,74.72,1
8,0.6667,11,1,0,0.6,1,6,4,0,279,47.31,0
10,0.7143,16,3,3,5.2,0,2,4,1,633,80.71,1
4,0.3077,7,2,2,8.2,1,3,9,1,259,66.1,1
7,0.5,12,2,4,1.3,1,1,7,0,262,61.38,1
3,0.2308,5,3,0,5.3,1,3,10,1,619,58.32,0
9,0.6923,13,4,0,2.6,1,5,4,1,150,77.53,1
12,0.9231,18,4,0,5.1,1,4,1,1,527,87.27,1
4,0.2857,8,2,0,1.1,1,3,10,1,314,39.85,0
8,0.5714,10,3,0,3.4,2,3,6,1,613,78.85,1
8,0.6667,11,2,0,2.2,1,3,4,0,274,61.83,1
5,0.4167,9,1,3,1.5,1,2,7,0,246,40.05,0
6,0.4615,10,1,0,1.5,1,3,7,1,523,50.16,0
7,0.5385,7,3,3,0.5,1,3,6,0,445,59.37,1
8,0.5714,8,3,2,3.0,1,3,6,1,424,74.42,1
6,0.4615,10,3,0,0.0,1,3,7,1,348,56.93,0
9,0.6923,10,1,1,1.7,2,1,4,1,611,70.71,1
5,0.3846,6,1,0,2.1,1,2,8,1,468,44.25,0
8,0.6667,12,4,0,2.3,1,3,4,1,466,75.07,1
8,0.6667,11,3,0,2.0,1,3,4,1,516,75.87,1
8,0.5714,12,1,1,0.2,2,4,6,0,399,52.3,0
6,0.4615,10,3,0,4.0,1,3,7,1,416,67.21,1
11,0.7857,15,1,0,1.2,1,2,3,0,411,56.14,0
12,0.9231,14,1,0,0.8,1,2,1,1,379,64.71,1
5,0.3846,8,2,0,0.3,2,2,8,0,539,42.27,0
1,0.0769,2,3,2,1.7,1,3,12,1,342,47.58,0
2,0.1538,7,2,2,1.7,1,3,11,0,418,38.23,0
5,0.3571,10,3,1,1.6,2,4,9,1,305,59.98,1
5,0.3846,7,3,1,2.4,1,2,8,0,364,53.38,0
8,0.5714,11,1,1,2.3,1,2,6,0,430,52.68,0
7,0.5385,9,2,0,0.4,1,1,6,0,263,50.74,0
7,0.5833,11,2,1,0.2,1,3,5,0,521,52.89,0
9,0.6923,14,2,0,0.0,1,5,4,0,523,66.21,1
9,0.75,11,2,3,2.8,1,3,3,1,467,72.99,1
10,0.7692,14,1,0,1.9,1,2,3,0,414,62.91,1
4,0.3077,6,3,0,0.4,1,3,9,1,544,48.35,0
12,0.8571,16,2,0,1.0,1,3,2,0,192,75.52,1
8,0.5714,17,2,2,0.3,1,2,6,0,274,52.12,0
6,0.4615,9,4,0,1.7,1,2,7,1,577,64.06,1
3,0.2308,7,2,0,0.2,1,2,10,1,515,42.88,0
3,0.2308,7,1,0,5.1,1,3,10,0,479,46.16,0
6,0.5,9,2,1,0.0,1,1,6,1,410,48.82,0
9,0.6923,11,1,1,2.0,0,3,4,0,393,53.73,0
9,0.6429,18,4,0,2.6,2,3,5,0,428,70.46,1
12,0.8571,16,3,1,5.1,0,4,2,1,320,85.32,1
9,0.6923,16,1,1,1.6,0,4,4,0,329,53.63,0
9,0.6923,13,4,0,6.7,1,5,4,1,366,81.02,1
5,0.3846,9,4,0,0.7,0,3,8,0,407,45.42,0
7,0.5,11,2,1,0.5,1,4,7,0,282,51.35,0
4,0.3333,7,4,3,2.1,1,3,8,0,346,58.1,1
7,0.5385,11,2,0,5.1,1,3,6,0,327,68.51,1
10,0.7143,13,1,0,0.8,1,3,4,0,312,54.48,0
6,0.4615,14,1,3,0.8,1,3,7,0,527,43.44,0
3,0.2143,7,3,1,3.9,1,1,11,0,371,53.76,0
10,0.7143,14,2,0,0.5,0,3,4,1,319,65.16,1
5,0.3846,12,2,0,1.9,1,1,8,1,454,53.65,0
9,0.6923,15,3,3,0.8,2,5,4,0,450,69.46,1
4,0.2857,5,3,1,5.4,1,4,10,0,449,59.25,1
13,0.9286,16,2,0,3.5,1,3,1,1,603,81.25,1
3,0.25,12,2,2,2.4,1,2,9,1,497,54.14,0
6,0.4286,11,4,2,7.8,1,5,8,0,542,72.19,1
8,0.5714,13,1,0,10.6,0,2,6,1,342,56.31,0
11,0.7857,14,3,0,1.1,1,3,3,1,300,82.26,1
9,0.6429,11,1,2,2.1,1,1,5,1,467,61.31,1
9,0.6429,11,2,1,3.2,1,3,5,1,301,77.2,1
6,0.4286,9,3,2,7.4,1,3,8,1,330,74.53,1
1,0.0769,5,1,1,0.8,1,2,12,0,501,14.98,0
7,0.5385,8,2,0,1.1,1,2,6,1,150,50.5,0
13,0.9286,20,2,1,0.1,1,4,1,1,623,75.71,1
5,0.3571,12,2,0,2.1,0,3,9,0,240,41.66,0
6,0.4615,10,1,0,0.0,1,3,7,0,319,37.25,0
1,0.0769,5,1,0,0.7,1,4,12,0,359,18.26,0
6,0.4615,10,2,0,2.5,1,4,7,1,356,62.97,1
5,0.3571,11,3,2,4.6,1,2,9,0,510,72.45,1
2,0.1429,4,2,0,0.9,1,2,12,1,499,35.58,0
7,0.5833,10,1,0,10.1,1,5,5,0,373,63.48,1
9,0.6923,14,1,0,0.3,1,2,4,1,318,55.95,0
13,0.9286,14,1,0,2.1,0,2,1,1,385,69.85,1
3,0.2143,4,2,2,2.6,1,3,11,0,331,46.19,0
4,0.3077,7,4,0,0.7,1,2,9,1,502,49.92,0
8,0.5714,12,3,0,1.1,1,3,6,0,502,61.91,1
12,0.9231,18,2,0,1.4,2,5,1,0,403,74.83,1
9,0.6923,15,1,0,2.9,2,2,4,1,471,64.61,1
6,0.5,9,4,2,3.3,2,6,6,1,408,74.87,1
4,0.2857,8,2,1,0.7,1,2,10,1,497,48.41,0
7,0.5,9,2,0,1.1,1,2,7,1,355,53.84,0
10,0.8333,14,0,1,6.6,2,2,2,1,505,77.47,1
9,0.6429,13,1,1,3.8,1,3,5,1,320,72.22,1
10,0.8333,13,4,1,1.3,2,6,2,0,421,73.89,1
4,0.3077,8,3,0,2.2,1,3,9,0,346,53.4,0
8,0.5714,13,0,1,0.3,1,3,6,0,385,41.89,0
10,0.7692,11,4,0,0.3,1,4,3,1,316,68.13,1
7,0.5,12,1,0,1.7,1,2,7,1,410,46.72,0
2,0.1429,5,3,2,1.0,0,6,12,1,384,47.8,0
3,0.2308,5,2,0,0.4,1,4,10,1,290,42.06,0
3,0.2308,8,0,0,3.0,1,3,10,1,353,36.02,0
2,0.1429,6,2,1,0.8,1,5,12,0,324,34.71,0
6,0.4286,9,0,0,2.1,1,2,8,0,372,37.92,0
4,0.3077,6,1,0,2.3,1,2,9,1,150,38.33,0
9,0.75,9,4,0,10.2,1,2,3,1,530,78.42,1
2,0.1538,5,1,2,0.1,1,2,11,1,471,29.03,0
5,0.3846,8,3,1,2.3,1,3,8,1,596,68.41,1
4,0.3077,7,4,1,1.1,0,2,9,0,307,46.01,0
10,0.7692,12,2,3,0.2,1,2,3,0,207,64.58,1
6,0.4615,9,2,2,3.1,1,3,7,1,494,66.71,1
7,0.5,12,2,1,1.2,1,3,7,1,415,59.1,1
8,0.5714,10,0,0,1.0,1,3,6,0,544,35.27,0
2,0.1538,6,2,2,1.4,1,3,11,1,371,43.81,0
8,0.6667,10,2,1,2.1,1,3,4,0,504,65.1,1
5,0.3846,9,3,4,3.8,1,2,8,0,394,67.71,1
7,0.5385,16,3,0,3.6,2,2,6,0,340,74.52,1
10,0.7692,14,4,0,3.6,2,3,3,1,531,88.93,1
12,0.8571,19,4,2,6.1,2,4,2,1,189,95.18,1
9,0.6923,15,2,0,7.8,1,1,4,1,376,78.81,1
12,0.9231,14,2,0,0.4,1,1,1,1,445,65.08,1
6,0.4286,12,3,4,1.4,1,2,8,1,403,65.11,1
1,0.0769,4,3,0,0.1,1,3,12,1,459,43.01,0
10,0.7143,13,2,2,2.4,1,4,4,0,520,67.82,1
3,0.2308,5,4,3,0.7,1,3,10,1,352,49.93,0
12,0.9231,21,0,0,1.9,1,3,1,0,326,57.57,0
9,0.6429,11,3,0,2.4,2,4,5,1,611,76.69,1
7,0.5385,10,3,0,0.4,1,2,6,1,415,60.42,1
7,0.5833,9,1,0,2.4,1,4,5,1,371,55.78,0
3,0.2143,7,2,0,2.3,1,2,11,0,495,43.48,0
4,0.2857,7,2,2,1.8,0,5,10,0,186,44.65,0
10,0.7692,14,1,2,1.2,1,3,3,0,218,60.67,1
10,0.7692,14,1,0,2.6,1,2,3,1,511,61.42,1
8,0.5714,12,2,1,2.1,1,4,6,0,549,60.95,1
7,0.5,11,2,0,1.5,1,1,7,1,261,59.88,1
8,0.6154,13,4,0,9.9,2,3,5,0,364,80.44,1
1,0.0833,1,3,1,0.4,2,2,11,1,447,36.72,0
6,0.4615,10,0,2,4.0,1,3,7,1,411,54.28,0
6,0.4615,9,2,1,1.0,1,1,7,0,505,50.22,0
1,0.0769,4,1,0,1.3,1,2,12,1,632,29.81,0
8,0.5714,12,2,2,1.8,1,2,6,1,554,65.63,1
8,0.5714,12,5,2,3.0,1,2,6,1,533,73.84,1
9,0.6923,14,1,1,1.0,1,2,4,0,449,60.09,1
5,0.3571,12,2,0,0.9,1,5,9,1,398,51.98,0
11,0.8462,14,2,0,4.9,1,3,2,0,419,82.45,1
2,0.1429,4,4,2,1.6,1,2,12,0,443,39.93,0
8,0.5714,10,4,1,3.1,1,3,6,1,326,73.66,1
4,0.3077,6,2,1,0.3,2,3,9,1,523,51.11,0
4,0.3077,8,0,1,0.7,1,3,9,1,267,38.09,0
8,0.6154,12,3,1,1.5,2,2,5,1,594,77.7,1
6,0.4615,12,2,1,3.9,2,4,7,0,388,56.42,0
11,0.8462,14,4,2,3.4,1,4,2,0,413,87.44,1
8,0.5714,14,5,1,4.2,1,3,6,0,486,75.61,1
6,0.5,7,1,1,0.3,1,2,6,1,330,48.93,0
11,0.8462,15,3,0,1.1,1,4,2,0,562,72.96,1
4,0.3077,9,1,0,0.2,1,3,9,0,455,35.7,0
5,0.4167,9,3,4,0.1,2,1,7,1,476,55.85,0
8,0.6667,11,2,1,0.0,1,2,4,1,446,61.47,1
2,0.1429,8,3,2,3.8,1,2,12,1,476,58.93,0
4,0.3077,9,2,1,4.9,2,5,9,1,390,66.52,1
4,0.3077,5,3,1,7.1,1,1,9,1,396,58.14,1
7,0.5385,13,4,1,4.9,1,2,6,0,518,75.38,1
8,0.5714,19,1,1,1.1,1,2,6,0,344,44.34,0
13,0.9286,16,1,0,0.1,1,3,1,1,364,64.57,1
2,0.1429,5,2,1,1.5,1,2,12,0,529,41.24,0
10,0.7143,12,2,2,3.3,1,2,4,1,570,80.37,1
7,0.5385,9,2,1,1.5,0,3,6,1,438,58.65,1
8,0.5714,10,3,0,1.2,2,2,6,0,336,61.66,1
5,0.3846,11,3,1,0.3,1,2,8,1,420,56.88,0
7,0.5833,12,0,2,3.8,1,2,5,0,421,57.57,0
10,0.7692,10,4,1,4.2,0,2,3,1,403,85.63,1
5,0.3846,8,3,1,1.0,1,1,8,1,400,51.99,0
6,0.4286,9,1,0,5.9,1,5,8,1,518,53.31,0
2,0.1538,5,2,0,0.5,1,2,11,1,433,35.67,0
6,0.4615,8,1,0,0.5,1,1,7,1,497,34.64,0
2,0.1538,3,3,1,3.2,1,4,11,0,316,46.95,0
6,0.4286,8,2,0,2.4,1,1,8,0,505,42.33,0
12,0.8571,17,2,1,0.7,1,3,2,0,272,69.06,1
8,0.6154,12,2,0,0.1,2,4,5,0,415,58.94,1
10,0.7143,15,1,3,0.7,1,2,4,1,391,64.92,1
7,0.5,8,2,0,3.5,1,4,7,1,436,60.48,1
9,0.6429,18,3,1,9.3,1,2,5,0,423,82.66,1
1,0.0714,4,3,1,0.6,1,1,13,0,375,37.63,0
5,0.3846,8,1,0,1.8,1,2,8,1,363,45.23,0
7,0.5,11,2,0,1.4,1,2,7,0,392,47.55,0
6,0.4615,8,2,0,5.6,1,1,7,1,471,58.72,1
8,0.6154,17,2,1,0.9,2,3,5,0,460,66.26,1
6,0.4615,10,5,0,9.3,2,6,7,1,409,74.92,1
5,0.3846,13,3,1,3.6,1,2,8,0,460,59.28,1
8,0.6667,11,0,2,2.9,1,2,4,1,340,63.1,1
10,0.8333,15,4,1,4.5,2,2,2,1,275,83.34,1
7,0.5,14,2,1,3.3,1,1,7,1,184,65.87,1
5,0.3846,9,3,3,1.7,2,1,8,1,395,62.5,1
3,0.2143,4,2,1,3.3,1,1,11,0,424,45.69,0
3,0.2143,7,2,1,1.3,1,3,11,1,380,44.35,0
11,0.7857,16,1,4,0.3,1,2,3,1,499,62.72,1
6,0.4615,9,2,0,5.9,2,4,7,1,260,64.22,1
12,0.8571,15,3,2,7.7,1,3,2,1,547,96.02,1
12,0.8571,17,4,1,3.4,1,2,2,0,421,81.97,1
10,0.7692,13,5,0,2.1,1,4,3,0,409,73.93,1
5,0.3571,8,2,0,0.3,1,2,9,0,573,36.35,0
10,0.7143,15,2,0,2.8,1,3,4,1,444,71.46,1
10,0.7143,11,2,1,12.0,1,3,4,0,622,77.91,1
4,0.3077,5,0,0,3.0,1,3,9,1,484,40.67,0
4,0.3077,6,3,1,2.3,1,1,9,0,150,51.05,0
3,0.2143,6,2,1,6.7,1,4,11,1,370,51.19,0
10,0.7692,16,0,0,2.0,1,2,3,1,450,58.0,1
6,0.4615,10,4,2,0.7,1,5,7,1,150,66.06,1
9,0.75,10,2,1,0.5,1,3,3,1,599,69.64,1
2,0.1538,5,2,0,0.3,1,1,11,1,441,27.73,0
11,0.8462,13,3,1,1.5,1,2,2,1,419,72.45,1
10,0.7692,15,4,1,7.8,1,5,3,1,431,84.18,1
7,0.5,13,2,0,0.2,1,2,7,0,155,49.41,0
2,0.1429,4,2,1,1.2,1,4,12,1,423,37.87,0
5,0.3846,10,2,1,0.6,1,3,8,1,398,60.17,1
5,0.3846,12,2,1,0.7,1,5,8,0,359,50.73,0
8,0.5714,11,5,1,3.3,2,3,6,1,265,76.34,1
8,0.6667,8,3,3,2.8,1,5,4,1,328,86.23,1
9,0.75,10,2,0,0.4,1,2,3,1,505,65.81,1
11,0.7857,15,3,0,0.3,1,2,3,0,393,70.02,1
7,0.5385,9,3,2,3.4,1,1,6,0,343,66.95,1
3,0.25,8,2,3,0.7,2,5,9,1,331,54.5,0
7,0.5833,10,2,4,3.8,1,3,5,1,412,67.95,1
10,0.7143,14,3,3,0.4,1,3,4,1,583,78.12,1
9,0.75,11,1,0,1.3,2,2,3,0,290,52.0,0
4,0.3077,8,4,2,0.1,1,2,9,1,331,54.53,0
12,0.9231,15,2,0,0.3,1,2,1,0,261,69.11,1
7,0.5,10,1,0,3.4,1,3,7,1,257,59.36,1
10,0.7692,12,1,1,5.3,0,3,3,1,592,69.0,1
2,0.1538,7,2,0,0.4,1,3,11,0,280,31.84,0
9,0.75,12,2,0,0.2,1,2,3,0,515,61.0,1
13,0.9286,17,2,0,2.2,1,4,1,0,357,81.51,1
9,0.75,11,2,1,6.7,2,3,3,1,483,76.67,1
7,0.5385,9,0,0,0.6,1,3,6,1,365,43.69,0
10,0.7692,14,0,0,2.2,1,2,3,1,265,61.25,1
13,0.9286,17,2,2,9.9,1,1,1,1,313,86.97,1
6,0.4286,10,1,1,0.1,0,3,8,0,294,42.69,0
5,0.3571,7,2,0,4.5,1,3,9,0,281,56.64,0
9,0.6429,16,3,0,0.6,1,3,5,0,325,67.29,1
7,0.5385,10,1,2,6.1,1,3,6,1,246,64.32,1
4,0.2857,8,4,1,1.6,2,4,10,1,445,56.73,0
12,0.9231,17,2,2,0.1,1,4,1,0,342,68.05,1
10,0.7692,14,3,1,4.2,1,4,3,1,383,86.69,1
9,0.6429,13,4,0,0.0,1,3,5,1,423,66.95,1
9,0.6429,14,3,0,3.1,0,3,5,0,379,67.7,1
12,0.9231,16,2,3,4.3,1,4,1,1,549,84.36,1
9,0.6923,9,2,0,1.2,1,2,4,1,649,67.61,1
4,0.3333,7,1,3,1.9,2,1,8,1,310,46.02,0
10,0.7692,16,3,0,0.6,1,3,3,1,283,75.72,1
5,0.3846,10,0,0,5.4,1,2,8,0,588,50.51,0
10,0.7692,12,3,0,2.5,1,1,3,1,428,78.24,1
5,0.4167,9,2,0,8.6,1,2,7,0,296,59.05,1
5,0.3846,9,2,2,0.2,2,2,8,0,296,42.16,0
6,0.5,7,2,1,7.1,1,1,6,1,359,56.0,0
5,0.3846,8,1,0,2.4,2,3,8,1,234,47.32,0
2,0.1667,9,2,0,0.5,1,3,10,1,500,43.99,0
7,0.5833,9,2,1,0.1,1,2,5,0,602,47.54,0
9,0.6923,12,3,0,0.0,1,5,4,1,493,72.31,1
11,0.7857,14,2,0,4.3,1,3,3,0,640,75.45,1
8,0.6154,11,1,2,2.3,1,3,5,0,513,53.4,0
13,0.9286,17,4,3,6.6,2,4,1,0,150,98.13,1
9,0.6429,11,2,0,0.3,1,4,5,1,410,64.05,1
13,0.9286,16,1,1,1.7,1,2,1,0,361,75.52,1
6,0.4286,9,1,0,0.1,1,2,8,1,339,34.76,0
13,0.9286,20,3,4,2.2,2,2,1,1,430,93.06,1
9,0.6429,13,1,1,0.3,1,4,5,1,584,54.59,0
8,0.6154,14,2,1,0.1,1,2,5,0,479,59.91,1
10,0.7692,15,1,1,5.3,2,3,3,1,356,74.75,1
8,0.6154,11,1,1,0.3,2,6,5,1,346,63.25,1
5,0.3571,8,4,0,3.4,1,2,9,0,345,62.09,1
3,0.2308,5,4,1,1.4,1,2,10,1,427,51.6,0
6,0.4286,9,2,0,7.5,1,3,8,0,212,61.58,1
11,0.8462,15,4,0,12.0,2,5,2,0,493,90.16,1
2,0.1538,9,2,0,7.0,1,1,11,0,260,54.14,0
7,0.5385,11,2,1,3.2,1,4,6,1,343,68.03,1
11,0.8462,14,1,1,3.9,1,3,2,0,477,74.44,1
8,0.6667,9,2,1,2.6,1,3,4,1,351,70.51,1
7,0.5,8,0,0,2.2,1,3,7,0,394,36.7,0
4,0.3077,9,1,0,8.1,2,3,9,0,474,53.2,0
7,0.5385,12,3,1,2.2,1,5,6,0,459,67.77,1
8,0.6667,12,3,3,0.2,2,3,4,0,391,75.16,1
9,0.75,13,3,0,0.5,1,5,3,1,403,68.51,1
9,0.6429,12,2,0,4.1,1,2,5,1,259,73.54,1
5,0.3571,7,1,2,0.6,1,3,9,0,477,36.42,0
13,0.9286,19,2,1,0.7,1,3,1,1,442,71.34,1
11,0.8462,12,1,0,0.6,1,1,2,1,452,62.12,1
7,0.5385,9,2,3,0.0,1,1,6,1,539,59.18,1
5,0.3846,8,2,3,0.0,1,1,8,1,235,46.31,0
3,0.2308,8,3,0,3.0,2,1,10,1,262,60.89,0
9,0.6923,9,3,0,0.3,1,3,4,0,455,66.81,1
4,0.3077,9,5,0,0.1,1,3,9,1,304,45.29,0
7,0.5833,10,5,1,0.1,1,2,5,1,382,64.12,1
9,0.6923,10,2,3,0.8,1,2,4,1,298,63.87,1
6,0.5,6,2,2,1.9,1,1,6,0,523,49.47,0
5,0.3571,11,2,2,4.2,1,2,9,0,226,55.3,0
9,0.6923,14,2,0,4.0,1,1,4,1,636,74.61,1
9,0.6429,10,1,1,0.6,1,2,5,1,368,55.67,0
5,0.3846,7,3,4,1.7,1,2,8,0,399,61.61,1
5,0.3846,8,3,0,5.3,1,2,8,1,544,60.11,1
6,0.4286,11,3,0,3.5,1,1,8,0,512,61.45,1
7,0.5385,10,2,0,7.4,1,3,6,0,488,66.55,1
12,0.8571,16,0,1,0.5,1,3,2,1,365,62.64,1
8,0.5714,11,3,0,0.1,2,3,6,1,447,60.34,1
3,0.2143,7,0,1,2.2,1,3,11,0,200,28.62,0
5,0.3846,8,3,2,3.9,1,3,8,1,471,72.03,1
10,0.7143,17,3,1,0.0,1,1,4,0,432,62.06,1
4,0.2857,7,2,0,5.6,2,2,10,1,290,51.44,0
8,0.6667,10,2,1,0.8,2,1,4,0,518,56.7,0
5,0.3846,6,2,1,3.0,1,3,8,0,245,54.13,0
11,0.8462,14,2,0,0.7,0,2,2,1,482,69.28,1
6,0.4615,11,3,0,5.7,1,4,7,1,436,70.78,1
8,0.6667,9,3,0,1.0,1,2,4,1,440,64.11,1
10,0.7143,13,4,0,4.4,1,1,4,1,483,82.15,1
9,0.6923,16,1,0,0.7,1,2,4,0,573,49.92,0
10,0.7692,15,0,1,0.1,2,3,3,1,620,49.95,0
3,0.25,3,2,1,1.9,1,3,9,1,535,53.83,0
8,0.5714,14,3,1,3.7,1,2,6,0,457,74.18,1
9,0.6429,11,3,1,2.2,1,4,5,0,515,71.09,1
6,0.4615,7,0,0,4.7,1,5,7,1,418,45.47,0
7,0.5,10,2,0,7.6,1,2,7,1,472,61.22,1
6,0.5,12,2,2,0.1,1,4,6,0,288,50.22,0
6,0.4615,9,5,1,5.0,1,4,7,1,557,70.6,1
7,0.5385,11,3,0,0.7,1,2,6,1,201,63.98,1
10,0.7692,13,3,4,1.4,2,3,3,1,552,78.25,1
6,0.5,10,2,0,0.7,0,3,6,0,363,43.24,0
8,0.6154,15,5,1,1.3,0,3,5,0,272,64.87,1
7,0.5385,14,1,0,4.0,2,3,6,1,442,64.79,1
13,0.9286,15,0,0,0.4,1,1,1,1,405,58.17,1
6,0.4286,8,3,0,0.1,1,2,8,1,553,56.31,0
9,0.6429,16,3,1,0.8,1,4,5,1,370,71.88,1
5,0.3846,8,3,1,0.3,1,3,8,1,424,58.71,1
7,0.5,11,2,0,2.5,1,5,7,1,693,66.91,1
6,0.4615,11,5,2,2.4,1,1,7,1,259,68.38,1
4,0.3077,6,3,1,0.6,1,1,9,0,602,42.65,0
7,0.5,9,3,0,0.1,2,2,7,1,487,60.36,1
3,0.25,8,3,0,5.9,1,3,9,0,543,60.47,0
9,0.6429,14,1,1,3.6,2,2,5,0,447,65.98,1
6,0.4615,9,2,1,2.0,1,5,7,0,453,51.65,0
4,0.3077,7,3,2,1.0,1,1,9,1,590,55.51,0
8,0.6154,12,2,1,3.5,1,5,5,1,448,71.39,1
11,0.8462,15,2,1,9.4,2,3,2,1,522,83.56,1
3,0.2143,6,1,2,0.2,1,2,11,1,571,34.96,0
8,0.5714,11,3,1,0.7,1,4,6,0,396,60.78,1
5,0.4167,11,1,1,1.3,2,2,7,1,509,54.64,0
5,0.3571,9,3,0,2.8,1,2,9,1,373,68.38,1
6,0.4615,14,4,2,3.2,1,2,7,0,399,59.48,1
8,0.5714,10,1,1,5.5,1,2,6,1,330,57.05,0
5,0.3571,11,2,1,1.1,1,2,9,1,585,49.64,0
9,0.6923,10,3,1,0.9,0,4,4,1,458,71.58,1
8,0.5714,12,1,0,0.7,1,3,6,1,459,57.71,0
4,0.3077,8,1,1,4.7,2,1,9,0,440,51.78,0
9,0.6923,12,2,0,0.4,2,1,4,0,559,54.64,0
8,0.5714,12,0,3,0.1,1,3,6,1,398,44.46,0
6,0.4286,6,3,1,2.3,1,2,8,1,542,62.53,1
7,0.5,13,3,1,4.2,1,1,7,0,300,69.4,1
7,0.5,12,3,0,8.1,1,2,7,0,424,67.49,1
3,0.2308,8,2,1,0.0,2,4,10,1,577,43.62,0
8,0.6154,9,1,0,0.7,1,1,5,0,365,44.98,0
4,0.3077,11,4,1,0.1,2,2,9,0,451,50.03,0
2,0.1538,4,0,1,1.5,1,2,11,1,358,26.88,0
7,0.5385,10,0,1,3.4,1,4,6,1,352,58.43,1
11,0.8462,11,0,1,2.1,1,2,2,1,478,60.72,1
6,0.4286,10,1,1,8.3,1,2,8,1,379,59.31,1
10,0.7692,17,3,3,0.9,1,3,3,0,488,74.54,1
11,0.8462,15,0,1,2.3,2,3,2,0,339,62.81,1
7,0.5385,13,1,2,1.0,1,3,6,0,482,48.89,0
4,0.3333,8,1,0,1.1,1,1,8,0,558,36.16,0
9,0.6429,15,4,0,1.3,2,4,5,0,284,67.39,1
13,0.9286,17,2,0,1.3,1,3,1,0,290,72.55,1
11,0.7857,16,3,1,1.6,1,3,3,1,329,81.33,1
10,0.8333,15,0,3,3.8,1,3,2,1,230,72.44,1
13,0.9286,15,2,0,4.6,1,3,1,1,463,86.17,1
3,0.2308,6,5,3,1.0,1,3,10,1,428,50.25,0
11,0.7857,12,5,0,2.4,1,1,3,1,448,81.83,1
9,0.6923,17,2,4,3.3,1,3,4,1,381,69.92,1
4,0.3077,7,4,1,0.5,1,2,9,0,495,47.16,0
6,0.4615,13,1,0,1.8,2,4,7,1,400,53.45,0
7,0.5385,12,1,0,0.3,1,2,6,1,331,50.49,0
8,0.6154,12,2,0,4.8,1,2,5,1,442,69.84,1
5,0.3846,5,2,1,5.5,2,4,8,0,511,61.75,1
12,0.9231,18,3,1,0.9,1,2,1,1,589,79.8,1
4,0.3333,10,0,2,0.7,0,4,8,1,447,39.9,0
12,0.9231,15,2,1,2.3,1,1,1,1,423,83.16,1
8,0.6154,13,3,0,0.5,1,1,5,0,460,60.08,1
10,0.7143,14,1,1,1.0,1,3,4,1,476,62.94,1
6,0.4286,9,3,0,1.3,1,3,8,0,314,57.57,0
7,0.5385,14,3,1,3.3,1,3,6,1,523,73.16,1
10,0.8333,17,2,0,3.4,1,3,2,1,452,85.76,1
9,0.6429,12,3,0,4.6,2,3,5,0,291,80.29,1
11,0.8462,16,2,2,1.1,1,3,2,1,322,75.45,1
2,0.1538,6,1,2,2.1,1,2,11,1,404,44.2,0
10,0.7692,15,3,0,0.1,1,4,3,1,513,71.01,1
7,0.5385,9,3,0,0.8,2,2,6,0,507,57.94,0
9,0.6923,14,1,0,1.1,1,3,4,0,467,51.14,0
6,0.5,11,3,2,1.7,1,2,6,1,402,70.53,1
5,0.3846,8,1,0,1.6,1,2,8,0,257,35.9,0
6,0.4615,12,2,1,3.4,2,2,7,1,325,65.73,1
5,0.3846,5,2,3,0.6,0,2,8,0,558,34.93,0
1,0.0714,7,1,2,4.3,2,1,13,1,328,46.02,0
10,0.7692,11,2,0,0.9,1,4,3,0,557,60.84,1
6,0.4286,11,4,2,1.9,1,2,8,0,470,65.1,1
6,0.4615,9,4,0,3.5,1,3,7,0,509,64.77,1
10,0.8333,16,2,1,1.2,1,2,2,1,535,75.29,1
10,0.7692,12,2,1,2.1,1,3,3,1,402,75.47,1
7,0.5,10,2,0,1.5,1,3,7,1,218,54.48,0
8,0.5714,9,1,0,2.0,1,2,6,1,353,57.22,0
10,0.8333,16,2,3,0.9,2,1,2,0,335,70.32,1
5,0.3846,9,3,0,0.6,1,3,8,0,342,50.27,0
8,0.6667,12,2,3,0.6,2,3,4,1,491,68.43,1
10,0.7143,14,1,0,0.2,1,2,4,0,331,57.19,0
11,0.8462,12,1,3,2.5,1,3,2,1,276,80.46,1
10,0.7692,16,2,3,6.9,1,4,3,1,345,81.7,1
8,0.6667,10,2,1,1.0,1,2,4,1,451,67.97,1
8,0.5714,10,2,0,3.2,1,1,6,0,508,58.67,1
6,0.4615,11,2,1,0.4,1,3,7,1,427,59.32,1
11,0.8462,14,4,1,2.7,2,5,2,1,197,93.82,1
9,0.6429,11,1,0,5.1,1,3,5,1,613,61.83,1
9,0.6429,18,0,3,0.0,2,3,5,1,520,54.39,0
9,0.75,10,1,0,2.8,1,4,3,1,650,65.17,1
5,0.3571,6,2,2,0.1,1,3,9,0,309,39.4,0
3,0.2143,10,3,1,3.4,2,3,11,0,198,60.99,0
8,0.5714,11,2,3,1.4,2,5,6,1,414,64.56,1
1,0.0714,1,4,0,5.5,1,2,13,1,519,47.8,0
2,0.1429,8,2,0,0.5,1,3,12,1,233,33.29,0
9,0.6923,13,2,4,1.3,2,4,4,1,606,68.42,1
4,0.3077,6,2,3,5.0,1,3,9,0,363,57.69,0
11,0.8462,14,1,2,0.3,1,5,2,0,361,67.2,1
4,0.3077,8,3,0,0.2,1,3,9,0,414,46.75,0
4,0.2857,9,1,0,1.3,0,2,10,0,547,34.39,0
10,0.7143,13,3,0,1.0,1,3,4,1,428,74.09,1
4,0.3333,11,2,2,0.1,2,6,8,1,296,50.7,0
6,0.4286,11,3,2,0.5,2,2,8,0,459,56.75,0
10,0.7692,15,1,1,0.4,1,4,3,1,201,66.34,1
8,0.6154,15,3,1,0.7,1,2,5,1,546,70.79,1
5,0.4167,6,0,0,0.7,2,2,7,1,509,37.5,0
9,0.75,13,3,0,1.3,1,3,3,1,476,78.3,1
2,0.1538,4,3,0,3.8,1,2,11,0,257,50.92,0
5,0.3846,8,1,0,1.6,1,3,8,1,402,46.83,0
12,0.8571,15,3,2,2.4,1,5,2,1,412,85.43,1
7,0.5385,11,3,2,0.9,1,2,6,0,365,64.83,1
4,0.3077,8,1,0,2.8,1,2,9,0,337,38.03,0
5,0.3846,12,2,1,2.5,1,4,8,1,383,62.68,1
10,0.7692,13,2,1,2.4,1,6,3,0,401,68.9,1
10,0.7692,14,1,0,1.7,1,2,3,0,518,57.66,0
1,0.0769,3,1,0,3.3,0,2,12,1,243,29.65,0
11,0.7857,12,3,1,3.4,1,4,3,0,406,86.4,1
12,0.9231,16,2,0,4.6,1,2,1,1,301,86.43,1
6,0.5,12,2,1,2.3,1,2,6,1,246,66.24,1
5,0.4167,9,1,1,2.5,1,1,7,0,414,45.27,0
2,0.1429,4,2,2,0.5,1,3,12,1,368,35.26,0
9,0.75,12,4,3,0.4,1,2,3,1,352,75.32,1
9,0.6429,13,1,1,1.3,1,2,5,1,342,58.6,1
5,0.3571,9,3,0,0.9,2,3,9,0,414,49.06,0
9,0.6923,12,1,0,1.1,2,1,4,1,330,61.63,1
4,0.2857,10,2,1,0.1,1,2,10,0,445,43.42,0
3,0.2143,5,2,3,2.1,1,3,11,0,295,44.52,0
1,0.0833,5,1,0,1.9,1,3,11,1,507,32.54,0
3,0.2308,5,1,1,0.6,1,3,10,0,512,23.7,0
8,0.6154,14,2,3,2.0,2,4,5,1,559,66.93,1
5,0.3846,7,2,1,2.7,1,1,8,0,626,46.22,0
5,0.4167,10,2,0,1.7,1,4,7,0,471,49.89,0
8,0.6154,14,3,1,0.7,0,2,5,1,372,65.53,1
9,0.6429,14,2,1,1.7,1,2,5,0,475,62.15,1
10,0.7143,13,2,0,1.2,1,4,4,1,423,67.63,1
7,0.5385,10,2,0,0.6,1,1,6,1,351,53.55,0
7,0.5833,10,2,1,0.8,1,3,5,1,536,62.67,1
6,0.5,8,2,1,1.2,1,2,6,1,328,50.63,0
12,0.9231,15,2,2,4.8,1,1,1,0,334,82.05,1
9,0.75,13,3,0,3.2,1,3,3,1,506,88.71,1
5,0.3846,11,1,1,0.1,0,3,8,1,548,42.64,0
6,0.4615,9,3,0,4.3,1,3,7,0,488,71.02,1
6,0.4615,6,1,0,0.3,2,4,7,1,498,44.15,0
4,0.3077,9,4,0,6.1,1,3,9,0,263,64.87,1
9,0.6429,12,1,0,1.4,1,1,5,1,474,52.98,0
4,0.3333,7,2,0,2.2,1,1,8,0,515,47.96,0
13,0.9286,16,2,2,4.1,1,4,1,1,511,90.4,1
10,0.7143,15,0,0,0.4,1,3,4,1,274,51.14,0
6,0.5,9,3,2,1.9,1,3,6,1,396,68.89,1
2,0.1429,9,0,0,7.4,1,4,12,1,417,36.0,0
2,0.1667,5,3,0,2.4,2,1,10,1,349,51.87,0
11,0.7857,16,3,2,0.5,1,5,3,0,419,70.43,1
2,0.1538,4,2,0,1.1,2,2,11,0,446,32.59,0
8,0.6154,14,1,1,1.5,1,4,5,0,548,46.99,0
1,0.0833,6,0,0,1.2,0,4,11,1,423,22.72,0
4,0.3077,5,2,0,1.4,2,4,9,1,403,47.94,0
3,0.2143,5,1,0,0.4,1,3,11,1,374,31.91,0
6,0.5,12,3,0,1.3,1,3,6,1,312,62.76,1
9,0.75,14,2,0,0.3,1,1,3,0,493,61.68,1
7,0.5385,13,2,0,1.1,0,2,6,0,488,49.83,0
7,0.5385,9,3,3,0.4,1,1,6,1,216,62.48,1
4,0.3077,6,3,1,0.1,1,3,9,0,437,39.5,0
7,0.5385,9,4,0,0.9,1,2,6,0,331,55.55,0
11,0.7857,18,1,0,1.3,1,3,3,1,425,62.0,1
5,0.4167,16,1,0,4.9,0,3,7,1,610,57.32,0
11,0.7857,13,2,0,2.4,1,2,3,1,493,73.19,1
5,0.3571,9,4,0,0.6,2,3,9,1,433,59.74,1
2,0.1538,4,2,1,0.2,1,3,11,0,528,28.7,0
5,0.3571,8,3,0,0.3,1,3,9,1,404,53.07,0
11,0.7857,13,2,0,0.1,1,3,3,1,463,65.8,1
4,0.3333,6,2,2,3.0,1,6,8,1,450,61.68,1
2,0.1429,6,3,1,4.5,1,1,12,1,439,53.52,0
3,0.2143,6,4,0,0.8,1,2,11,0,406,40.73,0
7,0.5385,11,2,0,0.6,0,4,6,1,339,55.87,0
2,0.1429,7,3,3,1.7,1,4,12,1,384,53.26,0
6,0.4615,7,2,3,1.5,0,2,7,1,491,53.54,0
3,0.25,5,2,2,3.7,1,2,9,0,440,42.98,0
4,0.3077,10,1,1,2.6,2,5,9,1,407,51.05,0
12,0.8571,17,4,0,1.6,1,1,2,1,307,77.79,1
10,0.7692,13,4,0,3.6,1,6,3,1,255,88.83,1
3,0.2143,9,1,1,0.5,1,4,11,1,591,37.51,0
8,0.6154,12,2,1,0.9,1,1,5,0,429,46.84,0
7,0.5385,10,2,3,1.8,1,1,6,1,538,63.53,1
4,0.3077,4,1,0,6.6,1,1,9,1,600,47.74,0
5,0.3846,10,1,1,3.8,1,2,8,0,427,55.51,0
1,0.0769,6,3,0,1.9,2,5,12,1,392,52.62,0
4,0.3077,8,2,0,1.4,1,3,9,0,415,45.11,0
3,0.2308,9,5,1,3.3,1,2,10,0,333,51.99,0
6,0.4615,9,5,0,1.2,1,2,7,1,496,54.11,0
5,0.3571,8,2,1,0.8,1,3,9,0,297,44.75,0
5,0.3846,10,3,0,1.6,1,2,8,1,311,60.74,1
6,0.4615,9,1,2,0.5,1,3,7,1,245,52.41,0
9,0.6429,14,4,1,0.5,1,2,5,1,473,66.9,1
10,0.7692,12,0,0,0.1,1,2,3,0,150,34.8,0
3,0.2308,7,1,1,0.5,1,2,10,0,588,30.5,0
10,0.7692,13,3,0,3.6,1,3,3,0,428,82.62,1
2,0.1538,5,3,1,0.5,0,4,11,1,461,46.16,0
3,0.25,6,4,0,1.1,1,2,9,0,658,43.18,0
9,0.6923,13,0,0,3.7,1,3,4,1,383,63.63,1
7,0.5,8,2,0,3.1,1,2,7,1,367,63.55,1
5,0.3846,9,5,2,2.5,1,3,8,1,255,68.87,1
13,0.9286,17,1,1,4.3,1,2,1,0,227,76.27,1
9,0.75,14,4,0,0.2,1,3,3,1,494,73.72,1
9,0.6429,12,0,2,1.3,1,3,5,0,410,47.47,0
11,0.8462,13,2,2,0.1,1,4,2,1,576,68.29,1
10,0.7692,17,2,0,0.5,1,4,3,0,393,55.8,0
7,0.5833,11,2,0,0.9,1,2,5,1,394,62.86,1
9,0.6429,9,1,0,0.1,1,6,5,1,487,53.13,0
5,0.3846,6,2,3,3.3,1,3,8,0,449,51.39,0
7,0.5,13,3,2,0.7,1,2,7,1,413,64.87,1
2,0.1538,6,1,2,1.4,1,3,11,1,302,27.52,0
7,0.5833,8,1,0,0.7,1,3,5,1,423,51.19,0
3,0.2308,8,1,0,0.2,1,2,10,0,393,23.83,0
10,0.7692,11,2,2,3.7,1,1,3,0,150,72.91,1
10,0.7143,13,2,2,1.5,2,3,4,1,333,76.25,1
2,0.1538,4,2,1,2.1,1,2,11,1,484,39.7,0
7,0.5833,9,3,0,0.5,1,6,5,1,302,64.21,1
5,0.3846,8,2,1,0.4,1,4,8,1,384,55.22,0
3,0.2143,5,4,1,1.0,1,4,11,1,523,48.14,0
3,0.2143,5,4,0,2.2,2,1,11,0,391,51.55,0
7,0.5833,8,3,0,1.1,2,2,5,0,513,52.22,0
9,0.75,13,2,1,1.6,1,6,3,1,276,75.26,1
9,0.6429,13,2,0,1.5,1,1,5,0,507,51.81,0
10,0.7692,14,3,0,2.7,1,4,3,1,315,86.97,1
10,0.7692,15,4,2,1.3,0,4,3,1,328,76.22,1
5,0.3846,10,3,0,1.7,1,3,8,0,565,52.9,0
10,0.7692,13,2,1,0.0,2,2,3,0,530,58.45,1
3,0.2308,6,1,1,10.4,2,3,10,1,396,51.38,0
6,0.4615,10,2,0,2.1,1,2,7,1,335,59.2,1
14,1.0,18,2,1,1.9,1,2,0,1,329,79.2,1
10,0.7143,13,4,0,3.0,1,5,4,1,356,83.17,1
12,0.9231,17,4,3,3.0,1,2,1,0,306,81.16,1
8,0.6154,10,2,0,1.2,1,1,5,0,545,51.93,0
11,0.7857,15,2,0,0.2,1,1,3,1,183,62.26,1
5,0.3846,8,1,0,1.1,1,1,8,1,312,45.93,0
4,0.3077,5,2,1,0.4,1,2,9,1,357,35.71,0
7,0.5385,14,2,4,1.1,1,1,6,0,401,58.0,1
7,0.5,10,3,1,6.9,1,3,7,1,404,75.61,1
9,0.6429,11,0,0,2.0,1,4,5,0,589,46.24,0
10,0.7143,14,0,0,0.1,1,3,4,1,550,48.28,0
7,0.5,9,2,0,3.1,2,2,7,1,370,62.32,1
11,0.9167,13,1,2,0.1,2,3,1,1,571,67.31,1
2,0.1538,5,1,0,2.6,1,3,11,0,450,27.31,0
6,0.4615,8,2,0,4.0,1,3,7,0,452,60.2,1
7,0.5385,10,3,0,2.2,1,3,6,0,481,59.83,1
3,0.25,7,3,2,1.1,1,3,9,1,544,59.28,0
9,0.6429,10,4,0,4.2,1,3,5,1,378,78.44,1
9,0.75,10,3,3,2.3,1,2,3,0,456,69.62,1
10,0.7692,13,2,0,3.7,0,1,3,1,412,69.33,1
12,0.8571,16,1,2,0.9,1,2,2,0,339,67.37,1
6,0.5,9,2,2,0.1,1,1,6,1,516,48.68,0
9,0.75,15,2,0,0.7,2,2,3,1,272,70.49,1
11,0.8462,12,3,2,0.6,1,4,2,1,346,78.25,1
6,0.5,8,2,1,6.5,1,1,6,1,263,58.47,1
13,1.0,17,3,0,0.9,1,2,0,1,587,83.06,1
5,0.3571,7,4,0,9.3,2,2,9,0,300,66.48,1
13,0.9286,17,4,1,2.8,1,3,1,1,409,89.03,1
3,0.2308,7,2,4,0.3,1,2,10,1,449,46.03,0
4,0.3333,6,3,3,8.7,1,2,8,1,409,66.82,1
9,0.6923,12,0,4,0.9,1,2,4,1,529,53.03,0
2,0.1538,9,1,1,0.7,2,2,11,1,444,42.04,0
6,0.4615,9,4,0,2.9,1,3,7,0,426,58.76,1
9,0.6923,12,3,1,7.8,2,2,4,1,540,89.07,1
8,0.6154,9,2,2,3.4,1,1,5,1,544,66.82,1
7,0.5385,12,2,0,0.1,1,2,6,0,312,50.59,0
13,0.9286,18,4,2,0.6,2,2,1,0,543,78.53,1
10,0.7692,12,3,2,5.1,1,4,3,1,518,91.56,1
6,0.4615,10,1,1,2.8,0,3,7,1,499,54.03,0
3,0.2308,6,4,1,0.1,0,2,10,1,450,49.17,0
10,0.7143,16,1,2,3.8,1,3,4,0,462,63.36,1
8,0.6667,12,2,1,1.2,1,4,4,0,475,57.84,0
6,0.5,8,2,0,2.4,1,3,6,0,407,51.81,0
6,0.4286,7,0,0,0.1,1,2,8,1,291,35.33,0
8,0.5714,14,3,0,1.5,1,3,6,0,506,61.3,1
8,0.6667,15,3,0,1.4,1,2,4,0,465,68.22,1
7,0.5385,10,2,2,3.1,1,3,6,1,325,66.61,1
4,0.3077,8,2,1,4.5,1,2,9,1,201,62.35,1
9,0.75,12,3,0,1.9,1,2,3,1,438,77.59,1
5,0.3846,8,2,1,0.5,1,1,8,0,426,41.7,0
5,0.3571,7,3,0,0.3,1,6,9,1,315,60.84,1
6,0.4615,9,4,0,2.9,0,4,7,0,381,59.7,1
8,0.6154,12,3,2,2.0,1,1,5,0,234,69.68,1
6,0.4615,9,2,1,2.0,1,3,7,1,456,61.33,1
1,0.0833,6,2,0,0.2,1,3,11,1,548,35.66,0
6,0.4615,13,2,1,3.4,1,1,7,0,249,60.63,1
10,0.7692,12,1,1,4.2,0,3,3,1,305,71.54,1
6,0.4615,8,3,0,0.4,1,1,7,1,569,56.51,0
9,0.6429,14,2,0,0.5,2,4,5,1,356,67.88,1
2,0.1538,7,1,0,2.3,1,4,11,0,503,34.98,0
8,0.6154,12,3,0,5.3,1,3,5,1,493,78.41,1
10,0.7692,16,3,0,2.9,1,2,3,1,482,85.85,1
5,0.3571,8,4,0,0.5,1,3,9,0,305,52.86,0
7,0.5385,9,1,0,1.4,1,2,6,0,434,47.44,0
1,0.0769,7,2,1,0.1,1,3,12,0,247,28.32,0
9,0.75,15,2,0,4.0,1,1,3,1,454,76.68,1
6,0.4286,18,1,0,3.2,1,2,8,1,737,57.85,0
7,0.5,11,2,0,1.8,1,2,7,1,572,65.41,1
7,0.5,9,2,0,3.5,1,4,7,0,455,59.22,1
7,0.5385,13,1,3,3.1,1,5,6,1,320,64.1,1
5,0.3846,8,2,0,3.3,1,2,8,0,512,48.97,0
7,0.5385,11,0,1,3.4,1,4,6,0,420,51.54,0
12,0.8571,13,2,0,3.6,2,1,2,1,313,74.99,1
5,0.3846,5,4,0,7.3,1,3,8,0,395,59.89,1
5,0.3571,7,2,0,1.1,1,3,9,1,301,46.83,0
9,0.6923,12,2,0,0.8,1,5,4,1,363,69.43,1
4,0.3077,7,2,2,9.4,1,2,9,0,534,61.2,1
9,0.75,16,1,0,0.1,1,4,3,0,531,50.26,0
4,0.2857,8,5,0,1.7,2,5,10,1,468,57.06,0
8,0.6154,13,1,0,1.7,1,3,5,0,339,54.43,0
6,0.4615,9,1,3,2.9,1,5,7,1,315,63.34,1
3,0.2308,4,2,2,1.0,2,3,10,1,433,46.66,0
8,0.6154,13,2,0,6.3,1,2,5,0,704,73.62,1
10,0.7692,11,2,1,0.1,1,3,3,0,168,62.39,1
1,0.0714,4,1,0,2.3,1,3,13,1,522,30.7,0
6,0.4615,12,0,0,0.3,1,4,7,0,472,32.57,0
10,0.7692,11,2,1,2.4,1,1,3,0,299,71.41,1
11,0.8462,15,0,0,2.2,1,3,2,1,434,67.82,1
3,0.2308,5,2,0,8.8,2,5,10,1,384,58.07,0
8,0.5714,12,4,0,1.3,1,4,6,1,234,62.46,1
6,0.4286,11,2,3,1.0,2,1,8,0,285,45.7,0
11,0.8462,12,2,0,1.8,1,3,2,0,502,66.47,1
9,0.6429,10,1,1,4.1,1,2,5,1,286,71.17,1
5,0.3846,9,2,0,4.8,1,2,8,0,546,53.32,0
6,0.4615,10,2,0,4.1,2,2,7,1,478,64.63,1
9,0.6923,15,1,0,0.1,1,3,4,0,398,48.73,0
1,0.0714,1,1,0,0.3,2,2,13,1,491,21.96,0
4,0.2857,6,2,0,1.4,1,3,10,1,613,44.11,0
5,0.3571,8,1,1,0.1,1,2,9,1,523,41.07,0
6,0.4615,8,2,0,0.4,1,5,7,1,310,50.69,0
12,0.8571,14,4,1,0.1,1,2,2,0,373,73.2,1
3,0.25,4,2,1,0.3,1,3,9,1,673,43.1,0
4,0.3077,5,0,0,0.5,1,4,9,1,495,34.94,0
13,0.9286,17,1,0,3.9,2,3,1,1,448,78.62,1
11,0.8462,15,0,0,2.1,1,2,2,0,153,57.39,0
9,0.6923,15,2,2,1.5,1,4,4,1,452,69.04,1
7,0.5,10,1,0,0.8,1,2,7,1,417,45.57,0
8,0.5714,10,3,1,3.6,1,2,6,0,549,71.67,1
3,0.2308,4,2,3,4.5,1,1,10,1,333,52.27,0
11,0.8462,11,1,1,2.7,1,2,2,0,441,66.41,1
5,0.3571,9,2,0,1.5,2,1,9,1,399,53.87,0
6,0.5,10,1,0,0.7,1,2,6,0,280,37.83,0
8,0.6667,13,1,0,0.8,1,6,4,0,552,44.91,0
8,0.6667,11,3,2,1.2,2,2,4,1,490,74.69,1
10,0.8333,14,3,0,0.4,1,3,2,1,318,79.11,1
6,0.4615,9,2,0,1.2,1,3,7,1,272,53.91,0
1,0.0833,8,2,3,2.2,1,3,11,1,439,40.92,0
9,0.6429,12,3,0,3.7,1,1,5,1,325,78.8,1
7,0.5385,10,2,1,2.6,2,4,6,1,599,67.67,1
5,0.3571,10,2,3,12.0,1,2,9,1,324,66.77,1
6,0.4615,6,3,0,2.8,1,1,7,1,370,60.51,1
3,0.2143,8,3,0,0.3,1,2,11,0,699,41.98,0
3,0.2308,6,2,0,9.9,1,3,10,1,293,53.26,0
6,0.4286,8,3,0,0.4,1,2,8,1,211,58.59,1
11,0.7857,13,2,0,0.1,2,2,3,0,430,63.69,1
4,0.3077,9,2,0,3.6,1,3,9,1,386,48.75,0
11,0.8462,12,2,0,0.5,1,1,2,0,376,61.63,1
3,0.2143,4,3,0,0.3,1,4,11,1,505,44.06,0
10,0.7692,11,1,3,9.4,1,3,3,0,345,72.06,1
7,0.5385,8,2,2,2.1,1,3,6,1,446,64.17,1
9,0.6923,14,3,0,3.7,1,1,4,1,415,78.92,1
3,0.25,5,2,0,0.6,1,3,9,0,365,32.74,0
11,0.8462,14,3,0,4.4,1,2,2,1,473,82.87,1
3,0.25,5,1,1,0.9,1,2,9,1,488,33.23,0
13,0.9286,17,2,0,2.1,1,1,1,0,259,72.63,1
9,0.6923,13,2,0,0.6,1,1,4,1,452,64.49,1
7,0.5385,8,3,2,0.0,1,3,6,1,365,61.75,1
12,0.9231,15,5,1,6.4,1,2,1,1,432,87.99,1
6,0.4615,8,2,0,5.6,1,2,7,1,708,61.96,1
10,0.7692,12,1,3,2.0,1,5,3,1,437,58.04,1
12,0.9231,14,2,4,5.9,1,6,1,0,377,85.4,1
3,0.2143,5,0,2,0.8,1,1,11,1,404,24.61,0
2,0.1538,4,1,2,4.0,1,5,11,0,383,37.4,0
6,0.4615,11,2,1,1.1,1,2,7,1,524,55.05,0
7,0.5833,14,3,3,1.5,1,2,5,1,276,74.0,1
9,0.75,13,0,2,0.5,1,5,3,0,422,47.85,0
7,0.5,11,0,3,0.4,1,3,7,1,404,40.29,0
1,0.0833,3,3,0,2.0,1,1,11,1,338,42.57,0
7,0.5,8,3,1,1.1,2,2,7,1,318,61.37,1
2,0.1538,5,2,0,0.2,1,2,11,0,733,29.92,0
3,0.2308,6,1,2,1.9,1,4,10,0,278,39.51,0
11,0.7857,13,0,1,0.5,1,3,3,0,386,54.9,0
4,0.3333,8,3,1,1.0,0,2,8,0,452,51.84,0
11,0.8462,16,1,0,2.6,2,4,2,0,521,66.15,1
4,0.3333,8,1,2,1.2,1,3,8,1,383,50.28,0
8,0.5714,11,1,2,3.0,1,4,6,1,524,65.99,1
4,0.2857,7,2,1,2.1,1,4,10,0,484,45.32,0
11,0.7857,17,2,0,0.5,1,2,3,0,825,62.77,1
11,0.8462,15,2,0,0.8,1,1,2,1,334,69.91,1
10,0.8333,15,3,0,2.7,2,1,2,1,399,81.06,1
11,0.7857,16,1,0,1.0,1,3,3,0,450,52.59,0
11,0.8462,13,5,0,0.5,1,2,2,1,597,65.58,1
4,0.2857,6,2,1,0.1,2,1,10,1,405,41.13,0
9,0.75,15,2,2,2.0,2,2,3,0,481,76.73,1
11,0.7857,12,2,0,3.4,1,4,3,1,377,81.28,1
6,0.4615,9,2,3,0.6,1,2,7,0,457,51.99,0
6,0.4615,9,1,2,1.6,0,2,7,0,338,45.98,0
4,0.2857,7,2,0,0.8,1,3,10,1,413,38.5,0
4,0.3077,13,3,1,1.6,1,2,9,1,376,64.32,1
4,0.2857,8,3,1,1.2,1,3,10,1,477,50.97,0
8,0.6154,14,2,0,1.0,2,2,5,1,411,60.3,1
8,0.5714,15,1,0,2.1,0,3,6,1,655,46.27,0
4,0.2857,8,4,1,2.6,1,3,10,1,307,57.33,0
4,0.2857,11,3,1,3.7,0,1,10,1,535,65.98,1
11,0.8462,11,3,2,12.0,1,1,2,1,413,89.34,1
6,0.4615,8,4,0,0.2,1,2,7,1,343,54.97,0
11,0.8462,13,2,0,1.9,1,2,2,1,411,71.21,1
7,0.5385,12,2,1,1.7,1,3,6,1,518,66.19,1
2,0.1538,4,2,0,0.4,1,3,11,0,360,31.9,0
6,0.4615,8,1,0,1.5,1,5,7,1,471,53.0,0
3,0.2308,5,3,3,1.0,1,4,10,1,371,51.18,0
4,0.3333,7,2,2,3.9,2,3,8,0,406,66.71,1
10,0.7143,12,1,0,3.0,1,1,4,0,405,60.29,1
8,0.6154,16,2,2,2.4,2,2,5,0,347,67.97,1
10,0.7143,11,2,0,5.8,1,2,4,0,527,73.97,1
10,0.7692,14,2,2,0.5,1,1,3,1,266,64.43,1
8,0.6154,9,2,1,2.3,1,3,5,1,524,71.67,1
8,0.6154,12,2,0,2.6,0,1,5,1,314,62.32,1
7,0.5833,9,2,0,1.7,1,1,5,0,337,52.67,0
5,0.4167,8,2,0,3.0,1,1,7,0,480,44.54,0
12,0.9231,13,4,3,0.1,1,2,1,0,579,73.71,1
10,0.7143,10,2,0,3.2,1,3,4,0,583,62.3,1
7,0.5385,10,2,2,10.7,0,3,6,1,289,67.42,1
5,0.3846,9,2,1,1.8,1,3,8,1,171,57.22,0
1,0.0714,4,1,1,4.7,1,3,13,1,431,33.27,0
8,0.6154,12,0,0,0.3,1,3,5,1,363,50.76,0
8,0.5714,10,3,1,0.7,1,1,6,0,283,57.71,0
4,0.3077,5,2,0,0.6,1,1,9,0,449,39.28,0
9,0.6923,13,2,0,3.6,1,2,4,1,494,72.68,1
5,0.3571,10,2,0,0.9,1,3,9,1,337,43.55,0
7,0.5385,10,2,0,0.0,1,5,6,1,449,56.05,0
12,0.9231,17,4,0,0.0,1,3,1,1,506,81.15,1
7,0.5385,9,0,0,0.4,1,3,6,1,575,46.05,0
9,0.6923,11,3,0,0.1,1,4,4,1,511,72.89,1
11,0.8462,14,1,2,0.3,1,3,2,1,505,65.29,1
9,0.6429,15,2,4,1.8,2,4,5,0,273,63.23,1
2,0.1429,6,4,0,0.7,1,2,12,1,453,41.33,0
5,0.3846,9,3,3,5.1,1,2,8,1,399,75.43,1
9,0.6429,12,2,0,0.3,2,2,5,1,433,62.39,1
8,0.6154,11,3,0,0.7,1,2,5,1,534,71.57,1
3,0.2308,7,2,0,1.7,1,4,10,1,602,53.08,0
7,0.5385,15,1,1,0.5,2,2,6,0,381,46.22,0
4,0.2857,7,2,0,4.7,1,2,10,0,232,52.63,0
7,0.5,14,1,0,0.5,1,4,7,1,512,47.63,0
3,0.2308,11,2,2,0.8,2,3,10,1,616,45.72,0
9,0.6429,13,3,1,6.1,2,1,5,1,415,81.87,1
10,0.8333,13,0,1,11.4,1,2,2,1,304,71.79,1
5,0.4167,12,3,0,5.8,0,5,7,1,376,65.73,1
7,0.5833,15,1,0,1.0,1,3,5,0,547,46.14,0
3,0.2308,5,2,1,4.0,1,2,10,0,535,44.57,0
8,0.6667,13,1,0,4.2,2,1,4,0,382,58.71,1
9,0.6923,12,1,2,2.5,1,2,4,1,460,58.9,1
10,0.8333,14,1,0,4.4,1,3,2,1,227,73.87,1
8,0.5714,9,2,0,0.3,1,2,6,1,362,53.47,0
2,0.1538,6,2,0,0.2,1,1,11,1,513,40.25,0
3,0.2308,7,1,1,3.5,1,4,10,1,581,47.94,0
9,0.6429,16,1,0,0.6,1,2,5,1,514,61.51,1
2,0.1667,5,3,2,3.0,1,2,10,0,493,49.47,0
9,0.6429,9,2,3,4.8,1,2,5,0,545,72.91,1
5,0.3571,8,4,0,2.2,0,1,9,1,637,58.15,1
8,0.5714,11,5,0,1.1,1,3,6,1,279,68.53,1
9,0.75,12,1,1,3.3,1,1,3,1,413,67.2,1
11,0.8462,16,2,0,5.0,2,3,2,1,452,80.33,1
8,0.5714,13,1,1,0.2,2,3,6,0,433,49.24,0
8,0.6154,11,3,1,5.4,1,6,5,1,508,81.88,1
9,0.6923,11,3,0,0.3,1,3,4,0,537,61.8,1
2,0.1538,8,1,1,2.0,2,2,11,0,295,37.24,0
8,0.5714,10,2,0,0.3,0,3,6,1,412,53.19,0
3,0.25,6,1,0,0.2,1,2,9,1,397,32.31,0
6,0.5,8,0,3,0.8,2,2,6,0,542,39.64,0
6,0.4615,8,2,0,0.8,1,4,7,1,480,55.82,0
3,0.2143,3,2,3,0.4,1,5,11,0,453,40.22,0
9,0.6923,12,2,1,1.4,1,3,4,1,450,65.48,1
6,0.4286,9,4,1,3.7,1,3,8,0,442,65.7,1
9,0.6923,10,3,0,2.4,2,2,4,1,501,85.51,1
7,0.5385,10,2,2,2.7,2,1,6,0,562,61.73,1
11,0.7857,12,0,3,0.9,2,5,3,0,334,54.6,0
3,0.2308,10,2,1,1.2,1,2,10,1,514,44.49,0
3,0.2143,8,0,0,2.1,1,2,11,0,329,22.59,0
5,0.3571,10,3,0,1.3,2,2,9,1,533,55.75,0
2,0.1538,4,2,0,0.8,1,5,11,0,269,35.22,0
7,0.5385,10,2,0,1.3,1,2,6,1,391,55.78,0
8,0.6154,12,2,1,0.6,1,3,5,0,407,57.93,0
5,0.3846,5,1,0,0.2,1,3,8,0,317,34.4,0
7,0.5833,11,1,0,4.9,2,2,5,1,541,64.84,1
5,0.3846,15,1,2,0.2,1,2,8,1,482,41.05,0
6,0.4615,9,2,2,1.9,2,3,7,0,478,55.26,0
6,0.5,9,2,0,12.0,1,2,6,1,345,68.66,1
12,0.9231,17,2,1,3.1,1,1,1,1,362,84.68,1
11,0.7857,17,3,2,1.4,1,3,3,0,377,77.76,1
3,0.2143,9,4,2,0.4,1,2,11,0,447,39.71,0
13,0.9286,15,0,1,2.7,1,2,1,1,446,66.72,1
2,0.1667,5,1,0,2.2,1,5,10,0,353,32.84,0
11,0.8462,15,3,0,1.5,1,3,2,1,344,74.34,1
1,0.0714,3,2,1,3.1,1,3,13,1,392,48.4,0
9,0.6923,17,1,0,3.8,1,2,4,1,599,65.89,1
6,0.5,7,2,2,2.4,1,1,6,0,415,51.5,0
9,0.6923,11,4,0,1.6,1,3,4,1,533,72.79,1
11,0.8462,15,1,4,0.0,1,3,2,0,453,57.81,0
5,0.3571,7,2,0,2.6,1,5,9,1,328,58.87,1
10,0.7143,12,2,0,2.1,2,3,4,1,341,76.33,1
6,0.4615,9,3,0,1.1,1,3,7,0,476,55.93,0
6,0.5,11,2,1,1.3,2,1,6,0,357,53.58,0
5,0.3571,10,1,1,0.2,0,3,9,1,263,40.97,0
5,0.3846,8,3,1,0.6,1,5,8,1,540,58.1,1
1,0.0833,5,3,0,3.2,2,2,11,1,421,50.25,0
6,0.4615,9,4,0,0.4,1,2,7,1,579,51.87,0
8,0.6154,13,3,0,0.4,1,5,5,1,567,69.36,1
8,0.6667,11,1,1,1.5,1,2,4,0,336,63.7,1
7,0.5,12,3,0,3.1,1,4,7,1,433,68.14,1
8,0.6667,9,3,1,1.6,1,3,4,1,150,71.34,1
4,0.2857,6,2,1,3.0,1,2,10,1,301,53.53,0
5,0.3846,7,3,2,2.0,1,3,8,0,419,55.69,0
7,0.5385,14,3,0,4.9,1,3,6,1,450,79.83,1
9,0.6429,18,3,0,1.3,2,1,5,1,408,73.07,1
5,0.3571,10,0,0,0.1,1,2,9,1,405,25.11,0
6,0.4615,10,1,2,0.6,1,1,7,1,338,50.09,0
4,0.3077,10,1,0,0.3,1,2,9,1,504,39.44,0
14,1.0,16,3,0,2.1,1,4,0,1,543,83.76,1
9,0.75,10,2,3,4.5,2,1,3,0,445,77.1,1
9,0.6429,13,2,1,0.6,2,3,5,1,342,67.78,1
10,0.7143,13,5,0,2.5,1,3,4,1,411,80.23,1
9,0.6429,13,1,1,1.7,1,3,5,0,402,62.19,1
6,0.4286,10,2,0,3.5,1,1,8,0,577,48.14,0
8,0.6154,15,3,1,2.8,1,3,5,1,424,82.24,1
12,0.9231,13,4,0,7.1,1,6,1,0,364,95.53,1
5,0.3846,9,4,4,1.0,1,3,8,1,226,60.58,1
6,0.4615,11,3,1,0.1,1,3,7,0,308,60.01,1
2,0.1667,8,2,0,2.0,2,3,10,0,276,42.34,0
7,0.5,13,2,1,0.5,1,1,7,1,514,50.05,0
4,0.3077,8,2,0,6.1,1,3,9,1,285,54.24,0
8,0.6667,10,5,0,2.4,1,2,4,1,390,71.44,1
8,0.6154,10,2,0,0.3,1,3,5,0,616,54.88,0
12,0.8571,15,3,4,0.9,2,4,2,0,384,83.49,1
2,0.1538,5,2,2,7.5,1,1,11,1,518,42.86,0
3,0.2308,6,2,1,4.0,2,2,10,1,519,58.22,0
10,0.7143,13,2,0,3.0,1,3,4,1,297,71.16,1
8,0.5714,10,3,0,0.8,1,2,6,1,413,66.41,1
7,0.5,11,4,1,0.8,1,2,7,0,539,56.33,0
6,0.5,9,1,1,3.8,1,3,6,1,459,60.22,1
3,0.25,7,3,0,0.2,1,6,9,1,504,55.03,0
7,0.5,8,1,0,1.0,2,3,7,1,328,50.9,0
13,0.9286,16,2,0,0.1,1,2,1,1,419,71.37,1
2,0.1429,5,4,1,0.5,1,5,12,0,303,38.33,0
4,0.2857,5,1,3,1.6,1,3,10,0,276,37.8,0
6,0.4286,10,2,3,2.2,2,3,8,0,525,54.02,0
10,0.7143,11,1,2,1.5,1,2,4,1,336,61.52,1
9,0.6429,14,2,0,3.7,1,2,5,1,506,69.24,1
8,0.6667,11,2,1,0.5,2,4,4,1,323,71.49,1
12,1.0,19,4,0,0.2,1,2,0,1,489,80.54,1
12,0.8571,15,1,1,6.8,1,4,2,1,388,76.48,1
4,0.3077,9,2,2,2.3,1,4,9,0,151,52.83,0
7,0.5385,8,2,2,4.6,2,2,6,1,249,63.7,1
8,0.6154,11,2,4,1.7,1,4,5,1,384,66.87,1
4,0.3077,8,1,0,2.7,1,3,9,0,336,40.82,0
7,0.5,8,2,0,1.2,1,3,7,0,648,50.83,0
8,0.5714,9,5,3,1.1,2,1,6,0,353,60.29,1
3,0.2143,6,1,0,0.8,1,1,11,1,505,29.88,0
7,0.5,8,2,0,0.9,2,1,7,0,346,42.95,0
4,0.2857,7,1,2,1.2,1,6,10,1,621,52.65,0
8,0.6667,12,1,1,5.7,1,4,4,1,324,63.2,1
11,0.8462,17,2,0,2.7,1,3,2,1,295,79.57,1
6,0.4615,11,2,3,2.2,0,6,7,1,449,68.3,1
6,0.5,10,2,0,1.0,1,3,6,1,386,58.18,1
2,0.1538,4,2,4,1.6,1,2,11,0,564,33.9,0
4,0.3077,7,3,1,1.5,1,2,9,0,322,53.46,0
12,0.8571,14,3,0,2.4,2,5,2,1,441,86.44,1
9,0.6923,12,2,0,1.7,1,2,4,1,410,71.08,1
7,0.5385,11,0,1,0.2,2,4,6,0,399,39.73,0
13,0.9286,18,1,3,2.6,1,3,1,0,302,71.18,1
6,0.4286,9,2,0,0.3,1,1,8,0,407,39.42,0
11,0.7857,15,3,0,1.3,2,4,3,0,456,77.16,1
12,0.9231,17,2,2,0.8,1,2,1,0,492,70.43,1
7,0.5,14,1,1,2.3,1,2,7,1,494,60.45,1
5,0.4167,12,2,1,4.0,1,1,7,1,479,63.87,1
3,0.2308,6,0,1,2.7,1,4,10,1,196,37.26,0
4,0.2857,9,1,1,1.1,1,1,10,0,366,30.5,0
7,0.5385,12,2,0,0.1,1,4,6,1,344,55.07,0
2,0.1538,5,2,3,0.7,1,2,11,0,428,34.72,0
9,0.6429,18,1,0,1.5,1,3,5,0,224,51.17,0
8,0.5714,12,2,1,0.9,1,1,6,1,409,54.88,0
7,0.5385,9,2,0,0.2,1,1,6,0,561,41.91,0
3,0.25,5,1,2,0.5,1,4,9,0,472,33.87,0
4,0.3077,9,1,2,0.9,1,1,9,1,294,46.62,0
5,0.3846,10,2,3,1.0,1,2,8,1,665,49.74,0
6,0.4615,11,1,2,5.1,1,1,7,1,515,55.38,0
8,0.5714,11,1,1,1.5,1,2,6,0,357,47.23,0
4,0.3077,5,1,1,2.9,1,2,9,1,449,47.62,0
8,0.6667,11,3,1,0.3,1,3,4,1,304,67.72,1
7,0.5385,12,0,1,1.8,1,2,6,1,544,49.96,0
7,0.5,12,2,0,0.6,1,1,7,0,418,51.17,0
6,0.4615,9,1,0,1.3,1,2,7,0,330,43.54,0
3,0.2308,7,2,3,4.2,2,4,10,0,256,51.2,0
9,0.6923,11,1,1,0.9,1,3,4,0,527,59.41,1
7,0.5,9,1,0,1.5,1,1,7,0,384,46.74,0
8,0.5714,12,3,1,2.6,1,5,6,1,367,81.45,1
7,0.5,9,1,1,3.0,1,1,7,0,424,50.1,0
6,0.4615,10,3,0,0.9,2,3,7,0,479,60.97,1
4,0.2857,6,1,1,7.9,2,2,10,1,409,47.71,0
7,0.5385,12,0,2,4.1,1,1,6,0,302,42.77,0
6,0.4286,8,3,0,4.0,1,2,8,1,436,72.3,1
3,0.2308,7,3,0,0.1,1,2,10,1,456,42.37,0
6,0.4615,8,3,0,2.8,1,3,7,0,294,67.21,1
5,0.4167,9,2,1,0.2,1,6,7,0,606,55.97,0
6,0.4615,8,3,1,0.0,1,2,7,0,270,46.91,0
1,0.0769,6,1,0,0.2,2,1,12,0,352,24.32,0
11,0.8462,15,1,2,6.0,2,1,2,1,351,76.64,1
4,0.3077,6,3,1,2.7,1,3,9,0,553,50.61,0
7,0.5385,11,4,3,0.1,1,2,6,1,678,59.66,1
13,0.9286,19,2,1,1.6,1,2,1,1,289,82.18,1
7,0.5385,9,1,0,2.0,1,3,6,0,603,50.48,0
1,0.0714,4,4,1,2.8,2,2,13,1,559,52.66,0
10,0.8333,16,2,0,1.0,1,2,2,0,239,62.14,1
7,0.5385,9,2,0,0.2,1,1,6,1,279,41.62,0
12,0.9231,14,1,0,2.5,1,3,1,0,633,67.19,1
9,0.75,12,3,0,6.3,1,3,3,1,490,84.91,1
8,0.5714,11,3,0,0.4,2,4,6,0,494,63.78,1
9,0.6429,14,2,1,2.2,1,2,5,0,476,64.44,1
11,0.7857,13,1,0,0.2,1,2,3,0,680,51.39,0
1,0.0769,4,4,1,0.1,1,2,12,1,538,39.52,0
11,0.9167,15,2,0,2.7,0,3,1,1,392,79.42,1
6,0.4615,8,1,0,0.9,2,4,7,0,526,45.24,0
2,0.1429,6,5,0,6.4,1,3,12,1,150,56.96,0
9,0.6923,11,3,2,2.3,1,3,4,1,339,75.31,1
5,0.3846,10,2,0,2.4,1,3,8,1,463,59.65,1
11,0.7857,13,3,0,0.2,1,3,3,1,622,70.92,1
6,0.4615,16,2,1,3.3,2,1,7,0,436,64.13,1
9,0.6923,15,3,2,2.8,1,2,4,0,358,78.63,1
7,0.5833,10,4,1,1.6,1,1,5,0,704,65.53,1
2,0.1429,6,1,1,1.2,1,3,12,1,697,27.69,0
8,0.6154,11,2,3,1.3,1,3,5,1,260,61.35,1
6,0.4286,9,3,1,0.9,2,1,8,0,400,58.04,1
11,0.8462,12,4,0,2.6,1,4,2,1,537,81.0,1
7,0.5385,11,1,0,1.5,1,2,6,0,389,48.47,0
4,0.3077,6,2,0,0.4,1,2,9,1,592,42.94,0
2,0.1538,6,1,0,5.9,1,3,11,1,485,39.04,0
5,0.3571,6,3,0,5.2,1,2,9,1,428,59.58,1
6,0.4286,9,2,2,1.7,2,4,8,1,392,57.33,0
3,0.2308,9,1,3,0.8,1,2,10,1,303,39.96,0
6,0.5,11,2,0,0.3,2,4,6,1,290,58.02,1
7,0.5833,8,1,0,0.4,1,2,5,0,327,48.01,0
12,0.9231,16,0,1,6.7,1,1,1,1,393,73.29,1
6,0.4615,10,2,1,0.5,1,2,7,1,323,59.14,1
8,0.6154,10,4,1,0.9,1,1,5,1,594,70.64,1
9,0.6923,14,1,0,1.9,1,4,4,0,388,61.11,1
3,0.2308,6,0,0,0.1,1,3,10,0,330,21.29,0
7,0.5,8,4,1,0.4,0,2,7,0,419,54.31,0
8,0.6154,11,0,0,4.8,1,3,5,0,499,60.6,1
5,0.3846,7,2,4,1.8,1,1,8,1,557,54.27,0
6,0.4615,9,4,0,1.4,2,2,7,1,196,63.7,1
8,0.6667,11,1,1,2.5,1,4,4,0,331,60.2,1
5,0.3571,6,0,1,1.8,1,3,9,0,472,30.72,0
7,0.5,9,3,1,0.7,2,4,7,1,361,71.0,1
10,0.7692,13,3,0,0.9,1,2,3,1,478,70.98,1
7,0.5,8,2,1,11.0,1,3,7,0,509,59.44,1
9,0.6429,16,5,1,1.2,1,3,5,1,675,73.78,1
8,0.6667,13,1,0,4.3,1,1,4,1,287,67.45,1
11,0.7857,14,3,4,0.3,0,3,3,1,439,71.36,1
3,0.2308,6,2,0,0.9,0,5,10,1,432,40.36,0
7,0.5,13,2,0,0.8,1,2,7,1,414,56.46,0
7,0.5833,9,3,1,2.1,1,3,5,1,346,75.87,1
5,0.4167,8,1,0,1.0,1,3,7,1,403,38.89,0
10,0.7692,14,2,2,2.2,1,3,3,1,526,77.7,1
8,0.6154,12,2,1,0.2,1,3,5,1,351,61.1,1
9,0.6429,10,2,1,0.3,1,5,5,0,313,57.84,0
8,0.5714,12,2,0,9.5,1,3,6,1,289,63.13,1
4,0.3077,6,0,0,3.8,1,2,9,0,521,35.26,0
10,0.7143,16,1,0,2.7,1,3,4,1,290,70.84,1
6,0.4286,10,3,3,0.3,1,4,8,1,543,62.42,1
5,0.3846,7,3,2,4.1,1,2,8,0,514,66.29,1
2,0.1429,4,3,0,1.5,2,1,12,1,460,46.75,0
8,0.6154,10,2,0,2.6,1,3,5,1,551,62.38,1
10,0.7143,12,0,2,0.2,2,2,4,0,403,50.6,0
3,0.2308,7,2,4,1.0,1,4,10,1,373,43.06,0
7,0.5,10,2,0,0.7,1,1,7,1,315,53.47,0
8,0.5714,10,5,0,3.8,1,1,6,1,424,68.76,1
1,0.0769,3,2,0,2.4,1,2,12,0,556,30.87,0
4,0.3077,6,2,1,2.3,1,3,9,0,410,46.26,0
1,0.0833,4,2,0,0.1,1,3,11,0,503,27.65,0
9,0.6923,16,3,0,0.8,1,2,4,1,528,68.92,1
11,0.9167,13,1,1,1.7,1,3,1,0,409,65.4,1
6,0.4615,8,1,0,0.9,1,2,7,1,482,46.2,0
2,0.1667,4,3,3,3.3,2,3,10,1,549,62.64,0
8,0.5714,12,3,0,3.5,0,3,6,0,637,67.98,1
6,0.5,9,2,0,1.1,2,2,6,0,541,49.86,0
1,0.0833,3,2,1,1.1,1,6,11,1,283,40.51,0
11,0.8462,16,0,0,1.6,1,1,2,1,322,56.05,0
11,0.9167,14,2,1,5.8,1,3,1,0,543,83.1,1
4,0.3077,9,1,0,1.9,2,1,9,0,545,37.4,0
7,0.5385,9,1,2,2.7,2,1,6,1,329,54.17,0
9,0.75,17,3,1,6.1,1,6,3,0,406,86.63,1
9,0.6923,12,4,1,3.4,0,3,4,0,186,74.99,1
7,0.5833,11,2,2,0.9,1,3,5,1,421,59.15,1
6,0.4286,12,2,2,4.2,1,4,8,0,282,65.75,1
4,0.3333,6,4,0,0.5,2,1,8,0,485,38.74,0
1,0.0833,5,4,0,0.9,1,2,11,1,393,39.23,0
10,0.7692,10,4,2,7.3,1,3,3,1,376,88.12,1
13,0.9286,17,2,0,0.5,1,2,1,0,303,67.74,1
4,0.3333,7,2,0,1.9,1,2,8,1,414,51.49,0
6,0.4615,9,4,0,0.3,1,3,7,0,502,51.64,0
11,0.8462,11,2,0,5.1,2,3,2,0,410,81.79,1
5,0.3846,8,3,0,0.5,1,3,8,1,396,45.68,0
2,0.1538,5,2,0,12.0,1,3,11,1,551,46.02,0
6,0.4615,10,0,1,1.3,0,1,7,1,470,37.82,0
8,0.6154,8,2,0,2.3,1,2,5,1,475,67.89,1
4,0.3077,9,2,2,1.6,1,2,9,1,368,54.6,0
4,0.2857,6,2,0,2.2,1,2,10,1,386,44.99,0
11,0.8462,17,4,0,1.2,1,2,2,0,439,73.3,1
8,0.6154,12,3,1,0.6,1,2,5,0,579,64.4,1
5,0.3571,6,3,2,1.2,1,1,9,0,380,52.47,0
2,0.1429,4,1,0,2.4,1,4,12,1,297,34.78,0
7,0.5,10,1,1,7.7,1,1,7,1,397,55.8,0
9,0.75,10,2,1,0.4,2,2,3,1,224,63.89,1
1,0.0714,5,3,1,0.0,0,5,13,0,150,44.98,0
6,0.4286,7,2,1,4.0,1,4,8,0,305,59.01,1
7,0.5833,8,3,1,2.0,2,1,5,1,421,73.33,1
11,0.7857,16,2,1,0.5,1,1,3,1,322,70.17,1
8,0.6154,11,2,0,1.4,1,1,5,0,414,55.53,0
6,0.4615,14,1,1,2.6,1,4,7,0,263,59.39,1
3,0.2308,6,4,0,0.4,1,1,10,0,446,35.36,0
10,0.7692,14,3,0,0.0,0,6,3,0,283,60.86,1
8,0.6154,15,3,3,1.9,2,1,5,0,460,74.67,1
5,0.4167,8,3,0,0.3,1,2,7,1,382,52.81,0
7,0.5833,14,3,0,0.8,1,3,5,0,607,64.62,1
12,0.8571,17,2,1,5.0,1,1,2,1,179,87.71,1
7,0.5,9,4,2,1.7,1,5,7,1,346,73.5,1
10,0.7692,17,2,0,0.4,1,2,3,0,506,61.73,1
4,0.3077,6,1,1,0.4,1,2,9,1,345,32.64,0
7,0.5,8,2,2,7.3,0,2,7,0,291,67.62,1
10,0.7143,13,1,1,2.6,1,3,4,1,464,63.61,1
9,0.75,11,3,0,1.5,2,3,3,1,396,86.88,1
9,0.6429,14,2,1,0.2,1,3,5,0,469,58.2,1
11,0.7857,12,1,0,0.1,1,2,3,0,229,47.48,0
11,0.8462,14,2,1,0.3,1,3,2,1,764,67.58,1
7,0.5385,10,1,1,1.0,1,6,6,0,426,41.13,0
3,0.2308,8,1,0,1.7,1,1,10,0,448,33.5,0
4,0.3077,6,4,1,4.6,1,2,9,0,377,55.58,0
6,0.4286,10,1,0,2.4,1,3,8,1,268,46.65,0
4,0.3077,7,4,2,4.4,1,1,9,1,320,60.1,1
7,0.5,10,2,0,5.3,1,3,7,1,150,64.67,1
2,0.1538,7,2,0,2.1,1,3,11,0,256,41.08,0
5,0.3571,8,2,2,0.6,1,3,9,0,491,47.22,0
11,0.8462,19,1,0,1.3,1,3,2,1,390,59.55,1
7,0.5,10,2,1,7.4,2,5,7,0,512,73.13,1
4,0.3077,9,1,1,0.4,1,2,9,1,215,42.93,0
4,0.2857,7,2,3,5.2,1,1,10,1,448,53.26,0
10,0.7692,14,1,2,0.5,1,3,3,0,628,61.72,1
9,0.6923,10,4,4,3.8,1,3,4,1,414,78.63,1
9,0.75,12,2,0,0.2,1,5,3,0,294,59.17,1
8,0.6667,14,4,1,0.6,1,2,4,0,240,55.29,0
6,0.4286,9,1,1,3.3,1,3,8,0,581,56.45,0
11,0.7857,13,3,0,1.1,1,4,3,1,355,74.96,1
11,0.7857,14,3,1,2.3,1,2,3,0,485,82.43,1
4,0.3077,9,0,1,0.0,2,1,9,0,284,24.04,0
7,0.5,14,2,1,3.9,1,4,7,1,530,69.57,1
11,0.7857,11,1,0,0.9,1,3,3,0,277,58.41,1
6,0.4615,11,3,1,0.7,1,1,7,1,460,55.63,0
6,0.5,9,1,1,1.5,1,2,6,1,353,47.93,0
10,0.7692,17,3,1,0.4,1,3,3,1,591,73.81,1
5,0.3846,8,3,1,1.8,2,1,8,1,553,65.35,1
7,0.5385,11,5,2,2.1,1,3,6,1,450,67.4,1
9,0.6429,14,1,0,0.1,1,1,5,0,372,46.7,0
5,0.3846,7,3,1,5.8,1,3,8,0,362,67.56,1
3,0.2143,7,0,0,0.5,1,3,11,0,365,20.94,0
8,0.5714,10,2,1,1.7,1,3,6,1,405,62.13,1
4,0.3077,6,3,2,4.2,1,2,9,0,375,61.65,1
9,0.6923,11,0,0,4.9,1,3,4,0,276,57.99,0
5,0.3846,9,5,0,0.0,1,3,8,0,314,50.65,0
10,0.7143,12,1,1,1.1,1,5,4,0,326,54.73,0
11,0.8462,14,1,2,2.1,1,2,2,0,318,72.48,1
9,0.6923,16,1,1,8.4,1,2,4,1,309,72.04,1
